,,,,,,,season,lg,player,player_id,age,team,pos,fpts_total,fpts,g,gs,mp,fg,fga,fg_percent,x3p,x3pa,x3p_percent,x2p,x2pa,x2p_percent,e_fg_percent,ft,fta,ft_percent,orb,drb,trb,ast,stl,blk,tov,pf,pts,trp_dbl
,,,,,,,2025,NBA,Aaron Gordon,gordoaa01,29,DEN,PF,1328.4,26.05,51,42,1447,264,497,0.531,75,172,0.436,189,325,0.582,0.607,145,179,0.81,80,167,247,164,23,14,73,82,748,0
,,,,,,,2025,NBA,Aaron Nesmith,nesmiaa01,25,IND,SF,954.6,21.21,45,37,1123,192,379,0.507,84,195,0.431,108,184,0.587,0.617,73,80,0.913,37,141,178,54,35,17,37,114,541,0
,,,,,,,2025,NBA,Aaron Wiggins,wiggiaa01,26,OKC,SG,1634,21.50,76,26,1744,355,728,0.488,130,339,0.383,225,389,0.578,0.577,74,89,0.831,81,214,295,134,60,18,69,101,914,0
,,,,,,,2025,NBA,Al Horford,horfoal01,38,BOS,C,1387.8,23.13,60,42,1659,195,461,0.423,114,314,0.363,81,147,0.551,0.547,34,38,0.895,79,290,369,128,36,51,46,81,538,0
,,,,,,,2025,NBA,Alex Caruso,carusal01,30,OKC,SG,1092.3,20.23,54,3,1041,140,314,0.446,60,170,0.353,80,144,0.556,0.541,42,51,0.824,38,121,159,137,87,30,37,102,382,0
,,,,,,,2025,NBA,Alex Sarr,sarral01,19,WAS,C,1953.5,29.16,67,67,1814,326,828,0.394,105,341,0.308,221,487,0.454,0.457,112,165,0.679,124,311,435,161,44,101,114,146,869,0
,,,,,,,2025,NBA,Alperen Şengün,sengual01,22,HOU,C,3193.2,42.02,76,76,2395,567,1143,0.496,21,90,0.233,546,1053,0.519,0.505,296,428,0.692,262,524,786,372,84,61,194,209,1451,4
,,,,,,,2025,NBA,Amen Thompson,thompam01,22,HOU,SF,2464.3,35.71,69,42,2225,388,697,0.557,25,91,0.275,363,606,0.599,0.575,169,247,0.684,192,372,564,265,97,89,138,167,970,3
,,,,,,,2025,NBA,Andre Drummond,drumman01,31,PHI,C,832,20.80,40,23,751,117,234,0.5,3,20,0.15,114,214,0.533,0.506,56,90,0.622,109,201,310,34,39,18,55,94,293,0
,,,,,,,2025,NBA,Andrew Nembhard,nembhan01,25,IND,SG,1559.2,23.99,65,65,1881,247,539,0.458,51,175,0.291,196,364,0.538,0.506,108,136,0.794,34,182,216,326,79,11,112,149,653,0
,,,,,,,2025,NBA,Andrew Wiggins,wiggian01,29,MIA,SF,1868.8,31.15,60,60,1842,376,839,0.448,130,348,0.374,246,491,0.501,0.526,196,257,0.763,89,180,269,158,60,50,99,101,1078,0
,,,,,,,2025,NBA,Andrew Wiggins,wiggian01,29,MIA,SF,561.4,33.02,17,17,546,115,251,0.458,36,100,0.36,79,151,0.523,0.53,57,78,0.731,23,49,72,56,20,17,43,31,323,0
,,,,,,,2025,NBA,Anfernee Simons,simonan01,25,POR,SG,2132.3,30.46,70,70,2292,479,1125,0.426,215,593,0.363,264,532,0.496,0.521,175,194,0.902,25,164,189,337,60,5,143,117,1348,0
,,,,,,,2025,NBA,Anthony Black,blackan01,21,ORL,PG,1635,20.96,78,10,1887,262,620,0.423,62,195,0.318,200,425,0.471,0.473,150,197,0.761,52,178,230,240,86,48,139,166,736,0
,,,,,,,2025,NBA,Anthony Davis,davisan02,31,DAL,PF,404.2,44.91,9,9,266,70,152,0.461,7,30,0.233,63,122,0.516,0.484,33,48,0.688,15,76,91,40,5,20,20,16,180,1
,,,,,,,2025,NBA,Anthony Davis,davisan02,31,DAL,PF,2634.5,51.66,51,51,1706,470,910,0.516,35,124,0.282,435,786,0.553,0.536,286,369,0.775,134,456,590,181,59,110,113,98,1261,1
,,,,,,,2025,NBA,Anthony Edwards,edwaran01,23,MIN,SG,3432.5,43.45,79,79,2871,721,1612,0.447,320,811,0.395,401,801,0.501,0.547,415,496,0.837,61,389,450,359,91,51,249,150,2177,0
,,,,,,,2025,NBA,Ausar Thompson,thompau01,22,DET,SF,1492.6,25.30,59,48,1328,246,460,0.535,11,49,0.224,235,411,0.572,0.547,91,142,0.641,111,192,303,134,98,40,80,164,594,0
,,,,,,,2025,NBA,Austin Reaves,reaveau01,26,LAL,SG,2633.3,36.07,73,73,2550,477,1037,0.46,200,531,0.377,277,506,0.547,0.556,321,366,0.877,61,268,329,421,81,22,177,151,1475,1
,,,,,,,2025,NBA,Ayo Dosunmu,dosunay01,25,CHI,SG,1185.2,25.77,46,26,1394,221,449,0.492,62,189,0.328,159,260,0.612,0.561,62,79,0.785,26,135,161,208,43,18,69,105,566,1
,,,,,,,2025,NBA,Bam Adebayo,adebaba01,27,MIA,C,3106.3,39.82,78,78,2674,540,1113,0.485,79,221,0.357,461,892,0.517,0.521,251,328,0.765,185,564,749,337,98,53,161,162,1410,1
,,,,,,,2025,NBA,Ben Simmons,simmobe01,28,,PG,1053.7,20.66,51,24,1120,116,223,0.52,0,0,NA,116,223,0.52,0.52,24,33,0.727,47,194,241,285,38,23,102,107,256,0
,,,,,,,2025,NBA,Bennedict Mathurin,mathube01,22,IND,SF,1897.6,26.36,72,49,2149,391,853,0.458,98,288,0.34,293,565,0.519,0.516,276,332,0.831,87,296,383,136,47,24,135,162,1156,0
,,,,,,,2025,NBA,Bilal Coulibaly,coulibi01,20,WAS,SF,1610.3,27.29,59,59,1948,263,624,0.421,63,224,0.281,200,400,0.5,0.472,138,185,0.746,91,203,294,199,78,41,125,139,727,1
,,,,,,,2025,NBA,Bobby Portis,portibo01,29,MIL,PF,1455.2,29.70,49,7,1244,277,595,0.466,65,178,0.365,212,417,0.508,0.52,61,73,0.836,90,321,411,104,35,26,57,94,680,0
,,,,,,,2025,NBA,Bradley Beal,bealbr01,31,PHO,SG,1565.9,29.55,53,38,1702,345,694,0.497,102,264,0.386,243,430,0.565,0.571,110,137,0.803,34,143,177,195,58,28,99,136,902,0
,,,,,,,2025,NBA,Brandin Podziemski,podzibr01,21,GSW,SG,1638,25.59,64,33,1716,280,629,0.445,115,309,0.372,165,320,0.516,0.537,72,95,0.758,65,260,325,220,69,13,75,95,747,0
,,,,,,,2025,NBA,Brandon Boston Jr.,bostobr01,23,NOP,SG,880.8,20.97,42,10,993,166,381,0.436,49,140,0.35,117,241,0.485,0.5,67,85,0.788,28,106,134,92,53,9,52,73,448,0
,,,,,,,2025,NBA,Brandon Ingram,ingrabr01,27,NOP,SF,671.5,37.31,18,18,595,155,333,0.465,43,115,0.374,112,218,0.514,0.53,47,55,0.855,17,83,100,93,16,11,69,45,400,0
,,,,,,,2025,NBA,Brandon Miller,millebr02,22,CHO,SF,943.2,34.93,27,27,924,198,491,0.403,104,293,0.355,94,198,0.475,0.509,68,79,0.861,25,106,131,98,29,20,76,74,568,0
,,,,,,,2025,NBA,Brook Lopez,lopezbr01,36,MIL,C,2246.7,28.08,80,80,2546,394,774,0.509,139,373,0.373,255,401,0.636,0.599,114,138,0.826,113,288,401,143,50,148,84,171,1041,0
,,,,,,,2025,NBA,Bub Carrington,carrica01,19,WAS,PG,1846.2,22.51,82,57,2458,300,748,0.401,138,407,0.339,162,341,0.475,0.493,69,85,0.812,33,308,341,364,54,21,141,190,807,0
,,,,,,,2025,NBA,Cade Cunningham,cunnica01,23,DET,PG,3360,48.00,70,70,2452,684,1457,0.469,149,418,0.356,535,1039,0.515,0.521,313,370,0.846,56,369,425,638,71,53,309,195,1830,9
,,,,,,,2025,NBA,Caleb Martin,martica02,29,PHI,SF,666.7,21.51,31,24,943,101,232,0.435,33,87,0.379,68,145,0.469,0.506,46,74,0.622,43,93,136,69,34,20,43,63,281,0
,,,,,,,2025,NBA,Cam Thomas,thomaca02,23,BRK,SG,828.6,33.14,25,23,781,199,454,0.438,68,195,0.349,131,259,0.506,0.513,133,151,0.881,15,68,83,94,15,2,62,44,599,0
,,,,,,,2025,NBA,Cameron Johnson,johnsca02,28,BRK,PF,1792.4,31.45,57,57,1800,355,747,0.475,159,408,0.39,196,339,0.578,0.582,201,225,0.893,54,193,247,194,53,25,99,104,1070,0
,,,,,,,2025,NBA,Caris LeVert,leverca01,30,DET,SG,1536.1,24.00,64,3,1596,280,599,0.467,106,284,0.373,174,315,0.552,0.556,110,155,0.71,41,162,203,215,57,33,76,99,776,0
,,,,,,,2025,NBA,Caris LeVert,leverca01,30,ATL,SG,704.7,27.10,26,0,692,145,301,0.482,46,136,0.338,99,165,0.6,0.558,52,72,0.722,19,77,96,75,24,14,25,51,388,0
,,,,,,,2025,NBA,Cason Wallace,wallaca01,21,OKC,SG,1508.3,22.18,68,43,1876,232,489,0.474,74,208,0.356,158,281,0.562,0.55,30,37,0.811,71,158,229,173,120,35,59,145,568,0
,,,,,,,2025,NBA,Chet Holmgren,holmgch01,22,OKC,C,1107.9,34.62,32,32,877,167,341,0.49,44,116,0.379,123,225,0.547,0.554,101,134,0.754,48,209,257,63,23,71,56,72,479,0
,,,,,,,2025,NBA,Chris Paul,paulch01,39,SAS,PG,2231.7,27.22,82,82,2292,249,583,0.427,140,371,0.377,109,212,0.514,0.547,85,92,0.924,33,263,296,605,103,22,129,151,723,0
,,,,,,,2025,NBA,Christian Braun,braunch01,23,DEN,SG,2302.5,29.15,79,77,2675,476,821,0.58,89,224,0.397,387,597,0.648,0.634,177,214,0.827,98,312,410,205,85,37,81,170,1218,0
,,,,,,,2025,NBA,Chuma Okeke,okekech01,26,PHI,PF,140.1,20.01,7,3,171,18,33,0.545,10,22,0.455,8,11,0.727,0.697,2,3,0.667,20,23,43,13,5,3,3,5,48,0
,,,,,,,2025,NBA,CJ McCollum,mccolcj01,33,NOP,PG,1881.9,33.61,56,56,1832,444,1000,0.444,171,459,0.373,273,541,0.505,0.53,124,173,0.717,42,170,212,227,46,24,106,124,1183,0
,,,,,,,2025,NBA,Clint Capela,capelca01,30,ATL,C,1357.8,24.69,55,41,1176,218,390,0.559,0,1,0,218,389,0.56,0.559,52,97,0.536,174,295,469,62,34,53,47,106,488,0
,,,,,,,2025,NBA,Coby White,whiteco01,24,CHI,SG,2409.6,32.56,74,73,2450,508,1121,0.453,216,584,0.37,292,537,0.544,0.55,277,307,0.902,25,248,273,330,69,16,177,154,1509,0
,,,,,,,2025,NBA,Cody Martin,martico01,29,CHO,SF,815.7,20.92,39,8,967,116,268,0.433,40,124,0.323,76,144,0.528,0.507,34,49,0.694,40,136,176,89,43,26,42,72,306,0
,,,,,,,2025,NBA,Colby Jones,jonesco02,22,WAS,SG,325.3,21.69,15,0,385,48,103,0.466,12,39,0.308,36,64,0.563,0.524,23,35,0.657,13,51,64,37,20,6,16,24,131,0
,,,,,,,2025,NBA,Collin Sexton,sextoco01,26,UTA,SG,1759.2,27.92,63,61,1758,416,867,0.48,110,271,0.406,306,596,0.513,0.543,217,251,0.865,60,111,171,264,47,6,160,144,1159,0
,,,,,,,2025,NBA,D'Angelo Russell,russeda01,28,DAL,PG,1500.9,25.88,58,36,1480,249,638,0.39,113,360,0.314,136,278,0.489,0.479,121,145,0.834,20,142,162,297,56,23,108,115,732,0
,,,,,,,2025,NBA,D'Angelo Russell,russeda01,28,BRK,PG,810.9,27.96,29,26,717,120,327,0.367,57,192,0.297,63,135,0.467,0.454,76,92,0.826,12,70,82,161,33,19,58,62,373,0
,,,,,,,2025,NBA,Damian Lillard,lillada01,34,MIL,PG,2466.4,42.52,58,58,2093,444,992,0.448,197,524,0.376,247,468,0.528,0.547,362,393,0.921,29,243,272,410,70,10,162,97,1447,2
,,,,,,,2025,NBA,Daniel Gafford,gaffoda01,26,DAL,C,1595.6,27.99,57,31,1226,283,403,0.702,0,0,NA,283,403,0.702,0.702,135,196,0.689,155,233,388,80,23,102,66,152,701,0
,,,,,,,2025,NBA,Darius Garland,garlada01,25,CLE,PG,2676.8,35.69,75,75,2301,554,1174,0.472,212,529,0.401,342,645,0.53,0.562,224,255,0.878,47,167,214,506,91,11,189,143,1544,0
,,,,,,,2025,NBA,Davion Mitchell,mitchda01,26,MIA,PG,744.4,24.81,30,15,947,117,232,0.504,42,94,0.447,75,138,0.543,0.595,33,47,0.702,19,63,82,160,41,8,50,69,309,0
,,,,,,,2025,NBA,Day'Ron Sharpe,sharpda01,23,BRK,C,1115.5,22.31,50,2,907,165,317,0.521,11,45,0.244,154,272,0.566,0.538,56,74,0.757,149,181,330,91,41,42,63,113,397,0
,,,,,,,2025,NBA,De'Aaron Fox,foxde01,27,SAS,PG,645.6,37.98,17,17,578,125,280,0.446,26,95,0.274,99,185,0.535,0.493,59,72,0.819,9,64,73,116,25,5,41,46,335,0
,,,,,,,2025,NBA,De'Aaron Fox,foxde01,27,SAN,PG,2578.6,41.59,62,62,2241,539,1163,0.463,118,381,0.31,421,782,0.538,0.514,263,318,0.827,54,244,298,392,91,25,174,164,1459,0
,,,,,,,2025,NBA,De'Andre Hunter,huntede01,27,CLE,SF,1642.6,25.67,64,9,1740,358,762,0.47,157,388,0.405,201,374,0.537,0.573,215,254,0.846,44,214,258,92,50,13,82,155,1088,0
,,,,,,,2025,NBA,De'Andre Hunter,huntede01,27,ATL,SF,1010.5,27.31,37,4,1064,227,492,0.461,97,247,0.393,130,245,0.531,0.56,151,176,0.858,27,118,145,57,31,5,59,88,702,0
,,,,,,,2025,NBA,De'Anthony Melton,meltode01,26,GSW,SG,128.5,21.42,6,2,121,22,54,0.407,13,35,0.371,9,19,0.474,0.528,5,8,0.625,6,14,20,17,7,2,10,18,62,0
,,,,,,,2025,NBA,Deandre Ayton,aytonde01,26,POR,C,1300.2,32.51,40,40,1206,265,468,0.566,6,32,0.188,259,436,0.594,0.573,40,60,0.667,124,282,406,64,31,39,69,88,576,0
,,,,,,,2025,NBA,Dejounte Murray,murrade01,28,NOP,PG,1243,40.10,31,31,1012,194,494,0.393,52,174,0.299,142,320,0.444,0.445,102,124,0.823,17,183,200,228,63,12,106,61,542,1
,,,,,,,2025,NBA,DeMar DeRozan,derozde01,35,SAC,SF,2757.6,35.81,77,77,2768,624,1308,0.477,84,256,0.328,540,1052,0.513,0.509,378,441,0.857,50,248,298,342,62,32,105,150,1710,0
,,,,,,,2025,NBA,Deni Avdija,avdijde01,24,POR,SF,2388.9,33.18,72,54,2161,402,844,0.476,125,342,0.365,277,502,0.552,0.55,290,372,0.78,110,412,522,281,71,35,196,171,1219,2
,,,,,,,2025,NBA,Dennis Schröder,schrode01,31,GSW,SG,514.7,21.45,24,18,628,94,251,0.375,37,115,0.322,57,136,0.419,0.448,29,39,0.744,10,46,56,105,25,3,48,67,254,0
,,,,,,,2025,NBA,Dennis Schröder,schrode01,31,SAC,PG,1915.6,25.54,75,49,2105,336,827,0.406,127,371,0.342,209,456,0.458,0.483,181,216,0.838,27,171,198,404,66,12,142,180,980,0
,,,,,,,2025,NBA,Dennis Schröder,schrode01,31,BRK,PG,764.6,33.24,23,23,772,147,325,0.452,58,150,0.387,89,175,0.509,0.542,72,81,0.889,4,64,68,152,26,4,59,56,424,0
,,,,,,,2025,NBA,Dereck Lively II,livelde01,20,DAL,C,952.5,26.46,36,29,833,134,191,0.702,0,0,NA,134,191,0.702,0.702,46,73,0.63,104,166,270,85,20,56,41,100,314,0
,,,,,,,2025,NBA,Derrick White,whitede01,30,BOS,SG,2523.7,33.21,76,76,2574,424,959,0.442,265,691,0.384,159,268,0.593,0.58,135,161,0.839,67,274,341,361,72,80,131,138,1248,0
,,,,,,,2025,NBA,Desmond Bane,banede01,26,MEM,SG,2537.1,36.77,69,68,2205,493,1018,0.484,164,418,0.392,329,600,0.548,0.565,177,198,0.894,62,356,418,369,80,28,169,164,1327,1
,,,,,,,2025,NBA,Devin Booker,bookede01,28,PHO,SG,3111.5,41.49,75,75,2795,654,1420,0.461,183,551,0.332,471,869,0.542,0.525,432,483,0.894,76,229,305,529,67,16,220,198,1923,0
,,,,,,,2025,NBA,Devin Vassell,vassede01,24,SAS,SG,1884.5,29.45,64,53,1983,394,889,0.443,158,429,0.368,236,460,0.513,0.532,95,120,0.792,34,221,255,183,84,33,88,108,1041,0
,,,,,,,2025,NBA,Dillon Brooks,brookdi01,29,HOU,SF,1727,23.03,75,75,2388,384,895,0.429,186,469,0.397,198,426,0.465,0.533,99,121,0.818,75,200,275,128,60,16,76,242,1053,0
,,,,,,,2025,NBA,Domantas Sabonis,sabondo01,28,SAC,C,3157.9,45.11,70,70,2429,527,893,0.59,65,156,0.417,462,737,0.627,0.627,218,289,0.754,267,705,972,423,48,26,202,229,1337,10
,,,,,,,2025,NBA,Donovan Clingan,clingdo01,20,POR,C,1543.9,23.04,67,37,1324,180,334,0.539,14,49,0.286,166,285,0.582,0.56,62,104,0.596,217,310,527,77,34,110,72,189,436,0
,,,,,,,2025,NBA,Donovan Mitchell,mitchdo01,28,CLE,SG,2805.4,39.51,71,71,2232,585,1320,0.443,233,633,0.368,352,687,0.512,0.531,298,362,0.823,57,265,322,354,95,17,149,140,1701,0
,,,,,,,2025,NBA,Donte DiVincenzo,divindo01,28,MIN,SG,1505.1,24.28,62,10,1606,250,593,0.422,174,438,0.397,76,155,0.49,0.568,49,63,0.778,32,196,228,225,73,17,99,114,723,0
,,,,,,,2025,NBA,Dorian Finney-Smith,finnedo01,31,BRK,PF,435.7,21.79,20,20,579,73,159,0.459,47,108,0.435,26,51,0.51,0.607,15,24,0.625,31,60,91,31,18,12,18,54,208,0
,,,,,,,2025,NBA,Draymond Green,greendr01,34,GSW,PF,2017.3,29.67,68,66,1983,216,509,0.424,80,246,0.325,136,263,0.517,0.503,101,147,0.687,74,340,414,383,99,70,174,219,613,1
,,,,,,,2025,NBA,Drew Timme,timmedr01,24,BRK,PF,217,24.11,9,2,254,45,102,0.441,9,35,0.257,36,67,0.537,0.485,10,16,0.625,17,48,65,20,4,1,15,21,109,0
,,,,,,,2025,NBA,Dyson Daniels,daniedy01,21,ATL,SG,2808.3,36.95,76,76,2571,455,923,0.493,80,235,0.34,375,688,0.545,0.536,83,140,0.593,124,325,449,333,229,55,155,175,1073,0
,,,,,,,2025,NBA,Elfrid Payton,paytoel01,30,NOP,PG,403.2,22.40,18,7,388,37,101,0.366,1,6,0.167,36,95,0.379,0.371,4,7,0.571,14,52,66,146,18,8,52,24,79,0
,,,,,,,2025,NBA,Evan Mobley,mobleev01,23,CLE,PF,2822.8,39.76,71,71,2167,505,906,0.557,85,230,0.37,420,676,0.621,0.604,221,305,0.725,164,495,659,226,61,113,145,141,1316,0
,,,,,,,2025,NBA,Franz Wagner,wagnefr01,23,ORL,SF,2435.4,40.59,60,60,2023,537,1161,0.463,104,352,0.295,433,809,0.535,0.507,271,311,0.871,56,286,342,284,75,21,138,147,1449,0
,,,,,,,2025,NBA,Fred VanVleet,vanvlfr01,30,HOU,PG,1878.7,31.31,60,60,2111,287,759,0.378,159,461,0.345,128,298,0.43,0.483,111,137,0.81,32,189,221,333,94,25,87,140,844,0
,,,,,,,2025,NBA,Giannis Antetokounmpo,antetgi01,30,MIL,PF,3845.1,57.39,67,67,2289,793,1319,0.601,14,63,0.222,779,1256,0.62,0.607,436,707,0.617,147,651,798,433,58,78,206,155,2036,11
,,,,,,,2025,NBA,Goga Bitadze,bitadgo01,25,ORL,C,1632.1,23.32,70,42,1430,207,339,0.611,3,28,0.107,204,311,0.656,0.615,85,133,0.639,167,296,463,137,49,98,72,150,502,0
,,,,,,,2025,NBA,Gradey Dick,dickgr01,21,TOR,SG,1246.6,23.09,54,54,1587,265,647,0.41,114,326,0.35,151,321,0.47,0.498,133,155,0.858,44,149,193,98,48,10,83,120,777,0
,,,,,,,2025,NBA,Grant Williams,willigr01,26,CHO,PF,384.9,24.06,16,7,479,54,123,0.439,27,74,0.365,27,49,0.551,0.549,31,37,0.838,18,64,82,37,18,13,28,46,166,0
,,,,,,,2025,NBA,Guerschon Yabusele,yabusgu01,29,PHI,C,1623,23.19,70,43,1895,282,563,0.501,104,274,0.38,178,289,0.616,0.593,100,138,0.725,134,261,395,148,58,24,87,164,768,0
,,,,,,,2025,NBA,Harrison Barnes,barneha02,32,SAS,PF,1696,20.68,82,82,2230,347,683,0.508,156,360,0.433,191,323,0.591,0.622,161,199,0.809,97,213,310,136,39,14,50,75,1011,0
,,,,,,,2025,NBA,Herbert Jones,joneshe01,26,NOP,SF,499.1,24.96,20,20,648,75,172,0.436,22,72,0.306,53,100,0.53,0.5,33,40,0.825,22,56,78,65,37,9,35,66,205,0
,,,,,,,2025,NBA,Immanuel Quickley,quickim01,25,TOR,PG,1013.9,30.72,33,33,918,184,438,0.42,85,225,0.378,99,213,0.465,0.517,111,128,0.867,16,101,117,191,23,4,58,61,564,0
,,,,,,,2025,NBA,Isaiah Collier,colliis01,20,UTA,PG,1604,22.59,71,46,1839,234,555,0.422,42,169,0.249,192,386,0.497,0.459,105,154,0.682,32,203,235,446,66,16,208,149,615,0
,,,,,,,2025,NBA,Isaiah Hartenstein,harteis01,26,OKC,C,1929.7,33.85,57,53,1590,279,480,0.581,0,19,0,279,461,0.605,0.581,79,117,0.675,163,448,611,219,47,62,96,171,637,0
,,,,,,,2025,NBA,Isaiah Jackson,jacksis01,23,IND,C,104.1,20.82,5,1,84,14,23,0.609,0,0,NA,14,23,0.609,0.609,7,14,0.5,11,17,28,5,3,8,5,14,35,0
,,,,,,,2025,NBA,Isaiah Mobley,mobleis01,25,PHI,PF,24.3,24.30,1,0,17,2,7,0.286,1,3,0.333,1,4,0.25,0.357,1,2,0.5,1,3,4,5,1,1,0,3,6,0
,,,,,,,2025,NBA,Ivica Zubac,zubaciv01,27,LAC,C,3181,39.76,80,80,2624,592,942,0.628,0,0,NA,592,942,0.628,0.628,156,236,0.661,300,710,1010,214,55,90,127,168,1340,1
,,,,,,,2025,NBA,Ja Morant,moranja01,25,MEM,PG,1985,39.70,50,50,1519,404,889,0.454,88,285,0.309,316,604,0.523,0.504,263,319,0.824,34,171,205,364,61,12,185,113,1159,1
,,,,,,,2025,NBA,Jabari Smith Jr.,smithja05,21,HOU,PF,1403.8,24.63,57,39,1716,248,566,0.438,98,277,0.354,150,289,0.519,0.525,104,126,0.825,105,294,399,60,25,41,61,123,698,0
,,,,,,,2025,NBA,Jacob Toppin,toppija01,24,ATL,SF,23.8,23.80,1,0,27,6,12,0.5,5,8,0.625,1,4,0.25,0.708,0,0,NA,1,3,4,2,0,0,1,0,17,0
,,,,,,,2025,NBA,Jaden Ivey,iveyja01,22,DET,SG,883.3,29.44,30,30,898,190,413,0.46,63,154,0.409,127,259,0.49,0.536,85,116,0.733,40,84,124,119,28,11,89,67,528,0
,,,,,,,2025,NBA,Jaden McDaniels,mcdanja02,24,MIN,PF,2265.5,27.63,82,82,2614,398,834,0.477,100,303,0.33,298,531,0.561,0.537,104,128,0.813,129,341,470,163,110,74,95,225,1000,0
,,,,,,,2025,NBA,Jakob Poeltl,poeltja01,29,TOR,C,2017.4,35.39,57,56,1686,363,579,0.627,1,3,0.333,362,576,0.628,0.628,97,144,0.674,189,358,547,158,66,71,111,176,824,0
,,,,,,,2025,NBA,Jalen Brunson,brunsja01,28,NYK,PG,2666.9,41.03,65,65,2301,585,1200,0.488,152,397,0.383,433,803,0.539,0.551,368,448,0.821,27,160,187,475,60,8,164,138,1690,0
,,,,,,,2025,NBA,Jalen Duren,durenja01,21,DET,C,2492.9,31.96,78,78,2034,378,546,0.692,0,0,NA,378,546,0.692,0.692,162,242,0.669,277,530,807,209,54,89,136,251,918,0
,,,,,,,2025,NBA,Jalen Green,greenja05,22,HOU,SG,2689.4,32.80,82,82,2697,608,1437,0.423,234,661,0.354,374,776,0.482,0.505,273,336,0.813,45,332,377,282,71,27,203,127,1723,0
,,,,,,,2025,NBA,Jalen Johnson,johnsja05,23,ATL,SF,1552.3,43.12,36,36,1284,271,542,0.5,44,141,0.312,227,401,0.566,0.541,94,126,0.746,62,297,359,181,56,36,106,67,680,1
,,,,,,,2025,NBA,Jalen Suggs,suggsja01,23,ORL,PG,1079.7,30.85,35,35,1002,197,481,0.41,76,242,0.314,121,239,0.506,0.489,97,110,0.882,23,118,141,129,51,33,102,98,567,0
,,,,,,,2025,NBA,Jalen Williams,willija06,23,OKC,SG,2784.8,40.36,69,69,2237,565,1168,0.484,124,340,0.365,441,828,0.533,0.537,236,299,0.789,59,310,369,354,111,46,150,158,1490,0
,,,,,,,2025,NBA,Jamal Murray,murraja01,27,DEN,PG,2587.7,38.62,67,67,2418,531,1121,0.474,156,397,0.393,375,724,0.518,0.543,218,246,0.886,45,216,261,403,91,33,138,128,1436,0
,,,,,,,2025,NBA,James Harden,hardeja01,35,LAC,PG,3557.7,45.03,79,79,2789,531,1295,0.41,235,668,0.352,296,627,0.472,0.501,505,578,0.874,55,401,456,687,118,55,341,162,1802,3
,,,,,,,2025,NBA,Jared McCain,mccaija01,20,PHI,SG,517.2,22.49,23,8,592,126,274,0.46,51,133,0.383,75,141,0.532,0.553,49,56,0.875,13,43,56,60,15,0,37,37,352,0
,,,,,,,2025,NBA,Jared Rhoden,rhodeja01,25,TOR,SG,205.6,20.56,10,2,215,40,79,0.506,12,37,0.324,28,42,0.667,0.582,22,25,0.88,12,26,38,14,9,2,8,19,114,0
,,,,,,,2025,NBA,Jaren Jackson Jr.,jacksja02,25,MEM,C,2825.4,38.18,74,74,2207,592,1213,0.488,146,389,0.375,446,824,0.541,0.548,311,398,0.781,91,326,417,148,92,113,153,257,1641,0
,,,,,,,2025,NBA,Jarrett Allen,allenja01,26,CLE,C,2650.6,32.32,82,82,2296,452,640,0.706,0,5,0,452,635,0.712,0.706,199,277,0.718,216,582,798,158,77,73,97,127,1103,0
,,,,,,,2025,NBA,Jaylen Brown,brownja02,28,BOS,SF,2382.6,37.82,63,63,2158,518,1118,0.463,116,358,0.324,402,760,0.529,0.515,246,322,0.764,82,286,368,286,73,19,162,154,1398,0
,,,,,,,2025,NBA,Jayson Tatum,tatumja01,26,BOS,PF,3459.1,48.04,72,72,2624,662,1465,0.452,250,728,0.343,412,737,0.559,0.537,358,440,0.814,48,575,623,431,76,38,209,157,1932,2
,,,,,,,2025,NBA,Jerami Grant,grantje01,30,POR,PF,1220.1,25.96,47,47,1524,214,574,0.373,108,296,0.365,106,278,0.381,0.467,141,166,0.849,26,137,163,101,41,46,65,109,677,0
,,,,,,,2025,NBA,Jeremy Sochan,sochaje01,21,SAS,PF,1363.4,25.25,54,23,1364,251,469,0.535,28,91,0.308,223,378,0.59,0.565,87,125,0.696,127,225,352,128,45,27,84,131,617,0
,,,,,,,2025,NBA,Jimmy Butler,butleji01,35,GSW,SF,1977.2,35.95,55,55,1746,301,597,0.504,32,104,0.308,269,493,0.546,0.531,330,392,0.842,125,171,296,298,77,18,74,52,964,3
,,,,,,,2025,NBA,Jimmy Butler,butleji01,35,GSW,SF,1133,37.77,30,30,980,159,334,0.476,19,68,0.279,140,266,0.526,0.504,201,231,0.87,70,95,165,178,50,8,44,29,538,2
,,,,,,,2025,NBA,Joel Embiid,embiijo01,30,PHI,C,799.5,42.08,19,19,574,140,315,0.444,23,77,0.299,117,238,0.492,0.481,149,169,0.882,36,119,155,85,14,18,62,42,452,1
,,,,,,,2025,NBA,John Collins,collijo01,27,UTA,PF,1404.4,35.11,40,31,1220,280,531,0.527,59,148,0.399,221,383,0.577,0.583,139,164,0.848,89,238,327,80,39,40,103,116,758,0
,,,,,,,2025,NBA,Jonas Valančiūnas,valanjo01,32,DEN,C,1970.4,24.33,81,21,1524,345,627,0.55,8,37,0.216,337,590,0.571,0.557,145,165,0.879,190,437,627,164,37,46,120,181,843,0
,,,,,,,2025,NBA,Jonas Valančiūnas,valanjo01,32,WAS,C,1272.8,25.98,49,12,983,231,422,0.547,7,27,0.259,224,395,0.567,0.556,95,106,0.896,120,284,404,108,22,28,88,97,564,0
,,,,,,,2025,NBA,Jonathan Kuminga,kuminjo01,22,GSW,PF,1241.4,26.41,47,10,1144,258,568,0.454,46,151,0.305,212,417,0.508,0.495,157,235,0.668,56,161,217,104,38,21,71,90,719,0
,,,,,,,2025,NBA,Jordan Clarkson,clarkjo01,32,UTA,SG,982.6,26.56,37,9,962,201,493,0.408,84,232,0.362,117,261,0.448,0.493,114,143,0.797,25,93,118,138,31,9,86,52,600,0
,,,,,,,2025,NBA,Jordan Poole,poolejo01,25,WAS,SG,2224.1,32.71,68,68,2001,457,1057,0.432,235,622,0.378,222,435,0.51,0.544,242,274,0.883,31,172,203,303,86,27,204,201,1391,0
,,,,,,,2025,NBA,Jose Alvarado,alvarjo01,26,NOP,PG,1308.7,23.37,56,23,1366,204,521,0.392,111,309,0.359,93,212,0.439,0.498,60,74,0.811,27,109,136,259,74,14,86,91,579,0
,,,,,,,2025,NBA,Josh Giddey,giddejo01,22,CHI,PG,2640.7,37.72,70,69,2117,371,798,0.465,105,278,0.378,266,520,0.512,0.531,175,224,0.781,127,439,566,503,84,45,202,122,1022,7
,,,,,,,2025,NBA,Josh Hart,hartjo01,29,NYK,SG,2894.9,37.60,77,77,2897,404,770,0.525,84,252,0.333,320,518,0.618,0.579,159,205,0.776,161,576,737,453,119,27,158,201,1051,9
,,,,,,,2025,NBA,Josh Okogie,okogijo01,26,CHO,SG,300.7,20.05,15,6,274,38,98,0.388,16,50,0.32,22,48,0.458,0.469,41,53,0.774,13,28,41,19,27,8,15,19,133,0
,,,,,,,2025,NBA,Jrue Holiday,holidjr01,34,BOS,PG,1564.5,25.23,62,62,1896,254,573,0.443,108,306,0.353,146,267,0.547,0.538,70,77,0.909,76,189,265,239,66,27,77,101,686,0
,,,,,,,2025,NBA,Julius Randle,randlju01,30,MIN,PF,2349.9,34.06,69,69,2226,455,939,0.485,108,314,0.344,347,625,0.555,0.542,270,335,0.806,144,343,487,323,47,16,196,175,1288,0
,,,,,,,2025,NBA,Justin Champagnie,champju01,23,WAS,SF,1313.2,21.18,62,31,1340,210,411,0.511,74,193,0.383,136,218,0.624,0.601,50,73,0.685,112,239,351,60,65,39,54,110,544,0
,,,,,,,2025,NBA,Jusuf Nurkić,nurkiju01,30,UTA,C,1228.1,24.08,51,32,1063,168,352,0.477,32,105,0.305,136,247,0.551,0.523,85,128,0.664,85,313,398,115,40,34,97,130,453,0
,,,,,,,2025,NBA,Kai Jones,joneska01,24,DAL,C,303.3,25.28,12,6,260,61,73,0.836,1,3,0.333,60,70,0.857,0.842,14,20,0.7,25,54,79,15,9,10,8,27,137,0
,,,,,,,2025,NBA,Karl-Anthony Towns,townska01,29,NYK,C,3367,46.76,72,72,2517,639,1215,0.526,142,338,0.42,497,877,0.567,0.584,339,409,0.829,212,708,920,222,71,50,192,249,1759,1
,,,,,,,2025,NBA,Kawhi Leonard,leonaka01,33,LAC,SF,1388.8,37.54,37,37,1180,310,623,0.498,78,190,0.411,232,433,0.536,0.56,98,121,0.81,35,184,219,116,59,17,72,56,796,0
,,,,,,,2025,NBA,Keegan Murray,murrake02,24,SAC,PF,2043.9,26.89,76,76,2610,364,820,0.444,154,449,0.343,210,371,0.566,0.538,60,72,0.833,146,361,507,109,61,69,60,186,942,0
,,,,,,,2025,NBA,Kel'el Ware,wareke01,20,MIA,C,1525.6,23.84,64,36,1422,257,464,0.554,35,111,0.315,222,353,0.629,0.592,46,67,0.687,116,357,473,60,39,71,57,111,595,0
,,,,,,,2025,NBA,Keldon Johnson,johnske04,25,SAS,SF,1747.7,22.70,77,0,1838,371,770,0.482,87,274,0.318,284,496,0.573,0.538,150,194,0.773,112,259,371,125,49,22,77,115,979,0
,,,,,,,2025,NBA,Kelly Olynyk,olynyke01,33,SAN,C,903.2,20.53,44,22,891,134,268,0.5,33,79,0.418,101,189,0.534,0.562,83,108,0.769,62,144,206,128,33,19,76,123,384,0
,,,,,,,2025,NBA,Kelly Olynyk,olynyke01,33,NOP,C,504.4,25.22,20,20,508,75,150,0.5,14,36,0.389,61,114,0.535,0.547,49,65,0.754,37,80,117,72,17,11,41,64,213,0
,,,,,,,2025,NBA,Kelly Oubre Jr.,oubreke01,29,PHI,SF,1795.6,29.93,60,57,2078,348,741,0.47,71,242,0.293,277,499,0.555,0.518,139,185,0.751,97,271,368,108,92,30,80,180,906,0
,,,,,,,2025,NBA,Keon Johnson,johnske07,22,BRK,SG,1677.9,21.24,79,56,1925,303,779,0.389,126,401,0.314,177,378,0.468,0.47,107,139,0.77,63,234,297,175,82,30,116,209,839,0
,,,,,,,2025,NBA,Kevin Durant,duranke01,36,PHO,PF,2681.3,43.25,62,62,2265,592,1124,0.527,160,372,0.43,432,752,0.574,0.598,303,361,0.839,23,351,374,263,50,77,190,104,1647,0
,,,,,,,2025,NBA,Kevin Huerter,huertke01,26,CHI,SG,649,24.96,26,16,780,129,294,0.439,70,186,0.376,59,108,0.546,0.558,15,21,0.714,11,74,85,82,30,7,30,51,343,0
,,,,,,,2025,NBA,Kevin Porter Jr.,porteke02,24,MIL,SG,1634.6,21.79,75,4,1482,293,652,0.449,55,177,0.311,238,475,0.501,0.492,130,169,0.769,42,236,278,256,81,13,136,119,771,1
,,,,,,,2025,NBA,Kevin Porter Jr.,porteke02,24,MIL,SG,729.6,24.32,30,2,598,121,245,0.494,29,71,0.408,92,174,0.529,0.553,81,93,0.871,13,105,118,112,38,2,52,49,352,1
,,,,,,,2025,NBA,Keyonte George,georgke01,21,UTA,PG,1976.1,29.49,67,35,2109,359,919,0.391,174,507,0.343,185,412,0.449,0.485,233,285,0.818,26,227,253,377,46,9,183,111,1125,0
,,,,,,,2025,NBA,Khris Middleton,middlkh01,33,WAS,SF,328.4,23.46,14,14,309,52,126,0.413,13,47,0.277,39,79,0.494,0.464,33,38,0.868,8,44,52,48,18,3,19,23,150,0
,,,,,,,2025,NBA,Khris Middleton,middlkh01,33,MIL,SF,902.4,24.39,37,21,843,160,337,0.475,48,133,0.361,112,204,0.549,0.546,72,84,0.857,13,124,137,150,35,8,56,75,440,0
,,,,,,,2025,NBA,Khris Middleton,middlkh01,33,MIL,SF,574,24.96,23,7,534,108,211,0.512,35,86,0.407,73,125,0.584,0.595,39,46,0.848,5,80,85,102,17,5,37,52,290,0
,,,,,,,2025,NBA,Killian Hayes,hayeski01,23,BRK,PG,137.1,22.85,6,5,162,18,43,0.419,8,21,0.381,10,22,0.455,0.512,10,12,0.833,5,13,18,31,4,4,9,13,54,0
,,,,,,,2025,NBA,Klay Thompson,thompkl01,34,DAL,SF,1669.7,23.19,72,72,1965,361,877,0.412,216,553,0.391,145,324,0.448,0.535,67,74,0.905,44,202,246,145,50,30,88,81,1005,0
,,,,,,,2025,NBA,Kris Dunn,dunnkr01,30,LAC,PG,1481.2,20.02,74,58,1783,192,437,0.439,75,224,0.335,117,213,0.549,0.525,15,22,0.682,53,198,251,210,128,27,74,197,474,0
,,,,,,,2025,NBA,Kristaps Porziņģis,porzikr01,29,BOS,C,1518.3,36.15,42,42,1210,277,574,0.483,103,250,0.412,174,324,0.537,0.572,161,199,0.809,68,216,284,87,31,63,53,116,818,0
,,,,,,,2025,NBA,Kyle Filipowski,filipky01,21,UTA,C,1536,21.33,72,27,1522,260,518,0.502,77,220,0.35,183,298,0.614,0.576,93,143,0.65,112,328,440,140,48,22,102,171,690,0
,,,,,,,2025,NBA,Kyle Kuzma,kuzmaky01,29,MIL,PF,1655,25.46,65,62,1936,370,848,0.436,96,313,0.307,274,535,0.512,0.493,128,202,0.634,54,316,370,152,36,19,146,119,964,0
,,,,,,,2025,NBA,Kyrie Irving,irvinky01,32,DAL,SG,2024.5,40.49,50,50,1804,447,945,0.473,144,359,0.401,303,586,0.517,0.549,196,214,0.916,60,180,240,231,66,23,111,101,1234,0
,,,,,,,2025,NBA,Kyshawn George,georgky01,21,WAS,SG,1442.5,21.21,68,38,1802,203,546,0.372,114,354,0.322,89,192,0.464,0.476,70,93,0.753,49,236,285,169,68,50,97,201,590,0
,,,,,,,2025,NBA,LaMelo Ball,ballla01,23,CHO,PG,2015.4,42.88,47,47,1505,406,1003,0.405,179,528,0.339,227,475,0.478,0.494,193,229,0.843,47,185,232,346,54,13,167,157,1184,0
,,,,,,,2025,NBA,Lauri Markkanen,markkla01,27,UTA,PF,1414.6,30.10,47,47,1476,296,700,0.423,138,399,0.346,158,301,0.525,0.521,162,185,0.876,72,206,278,70,33,17,66,79,892,0
,,,,,,,2025,NBA,LeBron James,jamesle01,40,LAL,SF,3294.7,47.07,70,70,2444,651,1270,0.513,149,396,0.376,502,874,0.574,0.571,259,331,0.782,72,474,546,575,70,39,260,99,1710,10
,,,,,,,2025,NBA,Lonnie Walker IV,walkelo01,26,PHI,SG,417.6,20.88,20,7,477,89,212,0.42,45,127,0.354,44,85,0.518,0.526,24,30,0.8,6,57,63,50,10,5,25,27,247,0
,,,,,,,2025,NBA,Lonzo Ball,balllo01,27,CHI,PG,732.1,20.92,35,14,777,89,243,0.366,67,195,0.344,22,48,0.458,0.504,22,27,0.815,25,93,118,115,47,17,41,55,267,0
,,,,,,,2025,NBA,Luguentz Dort,dortlu01,25,OKC,SF,1546.1,21.78,71,71,2073,258,593,0.435,170,413,0.412,88,180,0.489,0.578,33,46,0.717,89,204,293,115,79,39,51,208,719,0
,,,,,,,2025,NBA,Luka Dončić,doncilu01,25,LAL,PG,2624.3,52.49,50,50,1769,461,1025,0.45,177,481,0.368,284,544,0.522,0.536,309,395,0.782,40,369,409,383,89,21,179,126,1408,5
,,,,,,,2025,NBA,Luka Dončić,doncilu01,25,DAL,PG,1180.6,53.66,22,22,785,216,466,0.464,75,212,0.354,141,254,0.555,0.544,112,146,0.767,16,167,183,172,44,9,75,58,619,3
,,,,,,,2025,NBA,Malcolm Brogdon,brogdma01,32,WAS,PG,577.2,24.05,24,13,564,104,240,0.433,16,56,0.286,88,184,0.478,0.467,81,92,0.88,21,70,91,98,13,5,38,30,305,0
,,,,,,,2025,NBA,Malik Beasley,beaslma01,28,DET,SG,1952.3,23.81,82,18,2283,461,1071,0.43,319,766,0.416,142,305,0.466,0.579,95,140,0.679,47,167,214,139,73,5,83,125,1336,0
,,,,,,,2025,NBA,Malik Monk,monkma01,26,SAC,SG,2092,32.18,65,45,2054,412,939,0.439,139,428,0.325,273,511,0.534,0.513,154,178,0.865,30,215,245,362,61,38,159,158,1117,0
,,,,,,,2025,NBA,Marcus Bagley,baglema02,23,PHI,SF,222,22.20,10,4,253,27,69,0.391,5,32,0.156,22,37,0.595,0.428,8,10,0.8,23,47,70,10,9,12,7,16,67,0
,,,,,,,2025,NBA,Mark Williams,willima07,23,CHO,C,1557.9,35.41,44,41,1171,270,447,0.604,0,4,0,270,443,0.609,0.604,131,163,0.804,132,315,447,109,32,54,71,105,671,0
,,,,,,,2025,NBA,Matisse Thybulle,thybuma01,27,POR,SG,329.4,21.96,15,5,312,42,88,0.477,21,48,0.438,21,40,0.525,0.597,7,15,0.467,14,38,52,28,33,9,13,14,112,0
,,,,,,,2025,NBA,Max Christie,chrisma02,21,DAL,SG,709,22.16,32,11,973,124,302,0.411,55,151,0.364,69,151,0.457,0.502,56,65,0.862,13,122,135,80,29,10,49,42,359,0
,,,,,,,2025,NBA,Max Strus,strusma01,28,CLE,SF,1028.4,20.57,50,37,1273,165,373,0.442,113,293,0.386,52,80,0.65,0.594,28,34,0.824,53,164,217,158,26,12,54,104,471,0
,,,,,,,2025,NBA,Michael Porter Jr.,portemi01,26,DEN,SF,2453.5,31.86,77,77,2593,528,1048,0.504,193,489,0.395,335,559,0.599,0.596,149,194,0.768,138,402,540,165,50,38,104,157,1398,0
,,,,,,,2025,NBA,Mikal Bridges,bridgmi01,28,NYK,SF,2435.8,29.70,82,82,3036,592,1183,0.5,164,463,0.354,428,720,0.594,0.57,96,118,0.814,71,188,259,306,75,43,132,127,1444,0
,,,,,,,2025,NBA,Mike Conley,conlemi01,37,MIN,PG,1482.9,20.89,71,64,1756,187,468,0.4,127,310,0.41,60,158,0.38,0.535,81,90,0.9,32,150,182,319,79,14,75,111,582,0
,,,,,,,2025,NBA,Miles Bridges,bridgmi02,26,CHO,PF,2380.2,37.19,64,64,2029,469,1089,0.431,141,450,0.313,328,639,0.513,0.495,221,254,0.87,72,409,481,248,44,45,136,93,1300,1
,,,,,,,2025,NBA,Miles McBride,mcbrimi01,24,NYK,PG,1295.7,20.25,64,10,1593,222,547,0.406,115,312,0.369,107,235,0.455,0.511,52,64,0.813,47,114,161,187,67,17,41,108,611,0
,,,,,,,2025,NBA,Moritz Wagner,wagnemo01,27,ORL,C,685.6,22.85,30,1,564,140,249,0.562,27,75,0.36,113,174,0.649,0.616,79,110,0.718,40,108,148,42,24,12,49,55,386,0
,,,,,,,2025,NBA,Moses Brown,brownmo01,25,DAL,C,103.2,25.80,4,2,73,21,29,0.724,0,0,NA,21,29,0.724,0.724,5,6,0.833,8,23,31,2,4,3,5,11,47,0
,,,,,,,2025,NBA,Myles Turner,turnemy01,28,IND,C,2322.7,32.26,72,72,2174,390,811,0.481,156,394,0.396,234,417,0.561,0.577,184,238,0.773,90,381,471,111,54,144,123,183,1120,0
,,,,,,,2025,NBA,Naji Marshall,marshna01,27,DAL,SF,1750.6,25.37,69,31,1919,362,712,0.508,60,218,0.275,302,494,0.611,0.551,130,160,0.813,76,252,328,208,70,11,112,109,914,0
,,,,,,,2025,NBA,Naz Reid,reidna01,25,MIN,C,2267.5,28.34,80,17,2200,426,923,0.462,175,462,0.379,251,461,0.544,0.556,111,143,0.776,92,388,480,181,58,72,108,189,1138,0
,,,,,,,2025,NBA,Nic Claxton,claxtni01,25,BRK,C,1976.5,28.24,70,62,1882,320,568,0.563,5,21,0.238,315,547,0.576,0.568,79,154,0.513,157,358,515,157,62,100,87,150,724,0
,,,,,,,2025,NBA,Nick Richards,richani01,27,PHO,C,1287.7,22.59,57,43,1256,205,347,0.591,0,2,0,205,345,0.594,0.591,119,160,0.744,148,318,466,49,14,55,81,141,529,0
,,,,,,,2025,NBA,Nick Richards,richani01,27,CHO,C,484.6,23.08,21,9,440,64,114,0.561,0,1,0,64,113,0.566,0.561,59,87,0.678,51,107,158,28,7,26,33,48,187,0
,,,,,,,2025,NBA,Nikola Jokić,jokicni01,29,DEN,C,4501.4,64.31,70,70,2571,786,1364,0.576,138,331,0.417,648,1033,0.627,0.627,361,451,0.8,200,692,892,716,127,45,230,160,2071,34
,,,,,,,2025,NBA,Nikola Jović,jovicni01,21,MIA,PF,999.5,21.73,46,10,1156,172,377,0.456,78,210,0.371,94,167,0.563,0.56,72,87,0.828,26,154,180,131,38,13,60,82,494,0
,,,,,,,2025,NBA,Nikola Vučević,vucevni01,34,CHI,C,2835,38.84,73,72,2278,550,1038,0.53,129,321,0.402,421,717,0.587,0.592,120,149,0.805,178,557,735,256,61,52,119,163,1349,1
,,,,,,,2025,NBA,Norman Powell,powelno01,31,LAC,SG,1859.5,30.99,60,60,1958,457,945,0.484,179,428,0.418,278,517,0.538,0.578,213,265,0.804,21,169,190,125,73,9,108,114,1306,0
,,,,,,,2025,NBA,Ochai Agbaji,agbajoc01,24,TOR,SG,1314.4,20.54,64,45,1739,266,534,0.498,101,253,0.399,165,281,0.587,0.593,34,48,0.708,61,181,242,98,58,30,54,125,667,0
,,,,,,,2025,NBA,OG Anunoby,anunoog01,27,NYK,PF,2430.6,32.85,74,74,2706,489,1027,0.476,171,460,0.372,318,567,0.561,0.559,183,226,0.81,97,261,358,164,110,65,102,172,1332,0
,,,,,,,2025,NBA,Onyeka Okongwu,okongon01,24,ATL,C,2353,31.80,74,40,2064,388,684,0.567,48,148,0.324,340,536,0.634,0.602,164,216,0.759,220,440,660,168,69,68,90,193,988,0
,,,,,,,2025,NBA,Oscar Tshiebwe,tshieos01,25,UTA,C,298.9,21.35,14,1,255,42,70,0.6,0,0,NA,42,70,0.6,0.6,23,31,0.742,46,76,122,9,13,1,10,24,107,0
,,,,,,,2025,NBA,P.J. Washington,washipj01,26,DAL,PF,1813.9,31.82,57,56,1835,301,665,0.453,91,239,0.381,210,426,0.493,0.521,143,198,0.722,82,360,442,131,63,60,118,131,836,0
,,,,,,,2025,NBA,Paolo Banchero,banchpa01,22,ORL,PF,1989.5,43.25,46,46,1582,412,911,0.452,87,272,0.32,325,639,0.509,0.5,280,385,0.727,51,294,345,219,36,28,136,97,1191,0
,,,,,,,2025,NBA,Pascal Siakam,siakapa01,30,IND,PF,2847.5,36.51,78,78,2548,613,1182,0.519,126,324,0.389,487,858,0.568,0.572,226,308,0.734,133,407,540,263,70,42,109,189,1578,0
,,,,,,,2025,NBA,Paul George,georgpa01,34,PHI,PF,1373.8,33.51,41,41,1334,245,570,0.43,96,268,0.358,149,302,0.493,0.514,79,97,0.814,24,195,219,178,75,20,106,101,665,0
,,,,,,,2025,NBA,Payton Pritchard,pritcpa01,27,BOS,PG,2099.9,26.25,80,3,2271,409,866,0.472,255,626,0.407,154,240,0.642,0.62,71,84,0.845,102,205,307,279,70,14,83,118,1144,0
,,,,,,,2025,NBA,Quentin Grimes,grimequ01,24,PHI,SG,1969.8,26.26,75,37,2013,384,823,0.467,162,421,0.385,222,402,0.552,0.565,162,214,0.757,59,265,324,228,74,22,141,138,1092,0
,,,,,,,2025,NBA,Quentin Grimes,grimequ01,24,PHI,SG,1058.5,37.80,28,25,943,215,458,0.469,82,220,0.373,133,238,0.559,0.559,100,133,0.752,29,116,145,127,42,12,80,60,612,0
,,,,,,,2025,NBA,RJ Barrett,barrerj01,24,TOR,SF,2157.2,37.19,58,58,1869,460,982,0.468,107,306,0.35,353,676,0.522,0.523,196,311,0.63,61,305,366,314,46,17,165,137,1223,2
,,,,,,,2025,NBA,Robert Williams,williro04,27,POR,C,410.1,20.51,20,3,351,50,78,0.641,1,3,0.333,49,75,0.653,0.647,15,17,0.882,35,83,118,21,13,33,17,31,116,0
,,,,,,,2025,NBA,Royce O'Neale,onealro01,31,PHO,SF,1581.3,21.08,75,22,1837,241,570,0.423,179,441,0.406,62,129,0.481,0.58,19,26,0.731,53,296,349,163,67,34,65,151,680,0
,,,,,,,2025,NBA,Rudy Gobert,goberru01,32,MIN,C,2389.5,33.19,72,72,2388,341,510,0.669,0,0,NA,341,510,0.669,0.669,184,273,0.674,265,520,785,127,56,104,89,182,866,0
,,,,,,,2025,NBA,Rui Hachimura,hachiru01,26,LAL,PF,1417.5,24.03,59,57,1869,293,576,0.509,102,247,0.413,191,329,0.581,0.597,87,113,0.77,79,216,295,83,45,26,49,105,775,0
,,,,,,,2025,NBA,Russell Westbrook,westbru01,36,DEN,PG,2310.5,30.81,75,36,2092,373,831,0.449,94,291,0.323,279,540,0.517,0.505,154,233,0.661,102,268,370,457,106,37,242,188,994,4
,,,,,,,2025,NBA,Santi Aldama,aldamsa01,24,MEM,PF,1764.2,27.14,65,16,1660,313,648,0.483,120,326,0.368,193,322,0.599,0.576,65,94,0.691,94,322,416,188,52,29,71,76,811,0
,,,,,,,2025,NBA,Scoot Henderson,hendesc01,20,POR,PG,1643.1,24.90,66,10,1759,287,685,0.419,105,297,0.354,182,388,0.469,0.496,158,206,0.767,52,146,198,335,68,13,177,181,837,0
,,,,,,,2025,NBA,Scottie Barnes,barnesc01,23,TOR,PF,2704.4,41.61,65,65,2134,474,1063,0.446,76,280,0.271,398,783,0.508,0.482,228,302,0.755,109,393,502,378,93,63,185,113,1252,1
,,,,,,,2025,NBA,Scotty Pippen Jr.,pippesc02,24,MEM,PG,1871.3,23.69,79,21,1683,285,594,0.48,87,219,0.397,198,375,0.528,0.553,122,171,0.713,65,194,259,347,103,30,138,203,779,1
,,,,,,,2025,NBA,Shaedon Sharpe,sharpsh01,21,POR,SG,2104.8,29.23,72,52,2252,499,1104,0.452,147,472,0.311,352,632,0.557,0.519,190,242,0.785,68,256,324,198,62,16,150,120,1335,0
,,,,,,,2025,NBA,Shai Gilgeous-Alexander,gilgesh01,26,OKC,PG,4108.8,54.06,76,76,2598,860,1656,0.519,163,435,0.375,697,1221,0.571,0.569,601,669,0.898,67,312,379,486,131,77,183,164,2484,0
,,,,,,,2025,NBA,Spencer Dinwiddie,dinwisp01,31,DAL,PG,1805.3,22.85,79,30,2136,284,682,0.416,109,326,0.334,175,356,0.492,0.496,195,243,0.802,18,191,209,349,70,17,102,121,872,0
,,,,,,,2025,NBA,Stephen Curry,curryst01,36,GSW,PG,2851.5,40.74,70,70,2252,564,1258,0.448,311,784,0.397,253,474,0.534,0.572,279,299,0.933,40,270,310,421,80,30,200,95,1718,0
,,,,,,,2025,NBA,Stephon Castle,castlst01,20,SAS,PG,2155.4,26.61,81,47,2162,423,988,0.428,95,333,0.285,328,655,0.501,0.476,249,344,0.724,89,208,297,332,74,22,177,164,1190,0
,,,,,,,2025,NBA,T.J. McConnell,mccontj01,32,IND,PG,1681.1,21.28,79,1,1415,324,624,0.519,15,49,0.306,309,575,0.537,0.531,57,77,0.74,44,149,193,351,83,21,109,79,720,0
,,,,,,,2025,NBA,Tari Eason,easonta01,23,HOU,PF,1620.9,28.44,57,16,1420,272,559,0.487,63,184,0.342,209,375,0.557,0.543,79,104,0.76,128,234,362,83,97,50,65,136,686,0
,,,,,,,2025,NBA,Terry Rozier,roziete01,30,MIA,PG,1290.1,20.16,64,23,1658,248,635,0.391,91,308,0.295,157,327,0.48,0.462,92,108,0.852,44,194,238,167,37,14,78,73,679,0
,,,,,,,2025,NBA,Tobias Harris,harrito02,32,DET,PF,2071.4,28.38,73,73,2305,384,805,0.477,91,264,0.345,293,541,0.542,0.534,143,166,0.861,65,367,432,162,74,57,85,138,1002,0
,,,,,,,2025,NBA,Tolu Smith,smithto05,24,DET,PF,21.6,21.60,1,0,22,6,9,0.667,0,0,NA,6,9,0.667,0.667,2,3,0.667,4,4,8,0,0,0,2,3,14,0
,,,,,,,2025,NBA,Toumani Camara,camarto01,24,POR,PF,2073.5,26.58,78,78,2548,328,716,0.458,135,360,0.375,193,356,0.542,0.552,91,126,0.722,173,277,450,175,116,50,109,230,882,0
,,,,,,,2025,NBA,Trae Young,youngtr01,26,ATL,PG,3398.2,44.71,76,76,2739,566,1376,0.411,218,642,0.34,348,734,0.474,0.491,491,561,0.875,36,200,236,880,91,12,355,145,1841,0
,,,,,,,2025,NBA,Tre Jones,jonestr01,25,CHI,PG,466.6,25.92,18,9,455,83,145,0.572,11,22,0.5,72,123,0.585,0.61,30,34,0.882,16,42,58,88,19,5,14,22,207,0
,,,,,,,2025,NBA,Tre Mann,manntr01,23,CHO,PG,295.1,22.70,13,0,319,70,161,0.435,24,60,0.4,46,101,0.455,0.509,19,21,0.905,12,26,38,39,7,4,25,24,183,0
,,,,,,,2025,NBA,Trey Murphy III,murphtr02,24,NOP,SF,1909.6,36.03,53,51,1854,381,839,0.454,158,438,0.361,223,401,0.556,0.548,204,230,0.887,47,221,268,188,56,39,103,112,1124,0
,,,,,,,2025,NBA,Ty Jerome,jeromty01,27,CLE,SG,1592.1,22.74,70,3,1392,319,618,0.516,111,253,0.439,208,365,0.57,0.606,129,148,0.872,50,123,173,237,78,3,92,102,878,0
,,,,,,,2025,NBA,Tyler Herro,herroty01,25,MIA,SG,3014.8,39.15,77,77,2725,651,1378,0.472,251,670,0.375,400,708,0.565,0.563,287,327,0.878,35,364,399,424,69,17,198,85,1840,0
,,,,,,,2025,NBA,Tyrese Haliburton,halibty01,24,IND,PG,3020.1,41.37,73,73,2451,476,1006,0.473,218,562,0.388,258,444,0.581,0.582,189,222,0.851,42,216,258,673,105,49,120,92,1359,0
,,,,,,,2025,NBA,Tyrese Maxey,maxeyty01,24,PHI,PG,2265.3,43.56,52,52,1960,477,1091,0.437,161,478,0.337,316,613,0.515,0.511,254,289,0.879,15,159,174,317,91,21,124,116,1369,1
,,,,,,,2025,NBA,Tyus Jones,jonesty01,28,PHO,PG,1847.7,22.81,81,58,2174,306,683,0.448,166,401,0.414,140,282,0.496,0.57,51,57,0.895,40,156,196,429,69,8,91,63,829,0
,,,,,,,2025,NBA,Victor Wembanyama,wembavi01,21,SAS,C,2510.2,54.57,46,46,1527,408,857,0.476,142,403,0.352,266,454,0.586,0.559,158,189,0.836,82,424,506,168,52,176,149,105,1116,1
,,,,,,,2025,NBA,Walker Kessler,kesslwa01,23,UTA,C,2070.9,35.71,58,58,1740,278,419,0.663,6,34,0.176,272,385,0.706,0.671,79,152,0.52,266,441,707,97,36,138,86,130,641,0
,,,,,,,2025,NBA,Wendell Carter Jr.,cartewe01,25,ORL,C,1611.4,23.70,68,51,1758,226,491,0.46,37,158,0.234,189,333,0.568,0.498,129,175,0.737,151,341,492,134,52,41,77,199,618,0
,,,,,,,2025,NBA,Yves Missi,missiyv01,20,NOP,C,1857.7,25.45,73,67,1956,269,492,0.547,0,1,0,269,491,0.548,0.547,127,204,0.623,255,346,601,99,37,98,82,145,665,0
,,,,,,,2025,NBA,Zaccharie Risacher,risacza01,19,ATL,SF,1576.6,21.02,75,73,1843,357,779,0.458,122,344,0.355,235,435,0.54,0.537,106,149,0.711,86,182,268,92,52,37,92,149,942,0
,,,,,,,2025,NBA,Zach Collins,colliza01,27,CHI,PF,602.9,21.53,28,8,552,92,170,0.541,18,60,0.3,74,110,0.673,0.594,38,43,0.884,64,123,187,59,15,14,37,62,240,0
,,,,,,,2025,NBA,Zach Edey,edeyza01,22,MEM,C,1640.1,24.85,66,55,1416,251,433,0.58,18,52,0.346,233,381,0.612,0.6,90,127,0.709,232,316,548,65,36,85,88,182,610,0
,,,,,,,2025,NBA,Zach LaVine,lavinza01,29,SAC,SF,2569,34.72,74,74,2602,625,1223,0.511,239,536,0.446,386,687,0.562,0.609,235,285,0.825,22,293,315,310,58,12,208,121,1724,0
,,,,,,,2025,NBA,Ziaire Williams,willizi02,23,BRK,SF,1305.4,20.72,63,45,1541,214,520,0.412,103,302,0.341,111,218,0.509,0.511,101,123,0.821,61,226,287,84,62,28,67,149,632,0
,,,,,,,2025,NBA,Zion Williamson,willizi01,24,NOP,PF,1336.7,44.56,30,30,857,288,508,0.567,3,13,0.231,285,495,0.576,0.57,158,241,0.656,76,140,216,159,37,27,90,82,737,2