season,lg,player,player_id,age,team,pos,projected_fpts,fpts_total,fpts,g,gs,mp,fg,fga,fg_percent,x3p,x3pa,x3p_percent,x2p,x2pa,x2p_percent,e_fg_percent,ft,fta,ft_percent,orb,drb,trb,ast,stl,blk,tov,pf,pts,trp_dbl,,
2025,NBA,Tyrese Haliburton,halibty01,24,IND,"PG,SG",0,3020.1,41.37,73,73,2451,476,1006,0.473,218,562,0.388,258,444,0.581,0.582,189,222,0.851,42,216,258,673,105,49,120,92,1359,0,,
2025,NBA,Damian Lillard,lillada01,34,POR,PG,0,2466.4,42.52,58,58,2093,444,992,0.448,197,524,0.376,247,468,0.528,0.547,362,393,0.921,29,243,272,410,70,10,162,97,1447,2,,
2025,NBA,James Johnson,johnsja01,37,IND,PF,1.69,23.2,1.93,12,0,37,4,11,0.364,0,3,0,4,8,0.5,0.364,0,1,0,0,6,6,4,0,2,4,5,8,0,,
2025,NBA,Jacob Toppin,toppija01,24,ATL,SF,1.82,23.8,23.80,1,0,27,6,12,0.5,5,8,0.625,1,4,0.25,0.708,0,0,NA,1,3,4,2,0,0,1,0,17,0,,
2025,NBA,Chris Livingston,livinch01,21,MIL,SF,2.23,88.5,4.21,21,1,106,9,27,0.333,0,8,0,9,19,0.474,0.333,12,16,0.75,10,25,35,5,5,0,6,8,30,0,,
2025,NBA,Joe Ingles,inglejo01,37,MIN,SF,2.45,59.7,3.14,19,1,114,6,23,0.261,3,15,0.2,3,8,0.375,0.326,0,0,NA,2,9,11,23,2,0,9,12,15,0,,
2025,NBA,Daeqwon Plowden,plowdda01,26,ATL,SG,2.66,55.2,9.20,6,0,72,16,25,0.64,9,17,0.529,7,8,0.875,0.82,2,2,1,4,7,11,2,0,0,4,10,43,0,,
2025,NBA,Orlando Robinson,robinor01,24,ORL,C,2.74,732.5,16.65,44,8,770,116,261,0.444,17,52,0.327,99,209,0.474,0.477,54,70,0.771,89,131,220,77,17,16,49,100,303,0,,
2025,NBA,DeAndre Jordan,jordade01,36,DEN,C,2.9,718.3,12.83,56,5,691,91,140,0.65,0,0,NA,91,140,0.65,0.65,27,64,0.422,84,200,284,53,16,27,40,74,209,0,,
2025,NBA,Tyler Smith,smithty02,20,MIL,PF,2.96,116,5.04,23,0,122,24,50,0.48,13,30,0.433,11,20,0.55,0.61,6,8,0.75,6,19,25,4,3,4,8,11,67,0,,
2025,NBA,Jeff Green,greenje02,38,HOU,PF,3,292.6,9.14,32,3,396,61,121,0.504,29,79,0.367,32,42,0.762,0.624,21,26,0.808,11,47,58,20,6,4,9,32,172,0,,
2025,NBA,Hunter Tyson,tysonhu01,24,DEN,PF,3.03,291.6,5.72,51,2,400,45,120,0.375,23,74,0.311,22,46,0.478,0.471,21,28,0.75,25,53,78,20,10,6,14,44,134,0,,
2025,NBA,Jamaree Bouyea,bouyeja01,25,MIL,PG,3.05,48,9.60,5,1,62,6,12,0.5,1,5,0.2,5,7,0.714,0.542,4,6,0.667,1,4,5,10,4,2,8,2,17,0,,
2025,NBA,Jordan Miller,millejo02,25,LAC,SF,3.16,312.6,8.45,37,0,420,58,134,0.433,8,38,0.211,50,96,0.521,0.463,28,35,0.8,23,35,58,34,17,5,26,26,152,0,,
2025,NBA,Kobe Brown,brownko01,25,LAC,PF,3.21,212,5.30,40,0,272,33,72,0.458,6,26,0.231,27,46,0.587,0.5,5,7,0.714,19,46,65,24,7,4,12,23,77,0,,
2025,NBA,Antonio Reeves,reevean01,24,CHA,SG,3.46,484.1,11.00,44,6,660,113,248,0.456,51,129,0.395,62,119,0.521,0.558,28,35,0.8,18,45,63,39,21,4,30,40,305,0,,
2025,NBA,Maxwell Lewis,lewisma05,22,BKN,SF,3.55,10.4,1.49,7,0,29,2,6,0.333,0,0,NA,2,6,0.333,0.333,0,0,NA,2,0,2,2,1,0,2,1,4,0,,
2025,NBA,Tyson Etienne,etienty01,25,BKN,PG,3.84,87.8,12.54,7,0,151,17,52,0.327,13,44,0.295,4,8,0.5,0.452,8,10,0.8,3,6,9,12,3,1,8,17,55,0,,
2025,NBA,Jalen Pickett,pickeja02,25,DEN,SG,4,493.7,10.08,49,4,666,77,180,0.428,40,101,0.396,37,79,0.468,0.539,6,8,0.75,15,56,71,107,19,5,24,38,200,1,,
2025,NBA,Ron Harper Jr.,harpero02,24,DET,SF,4.12,15.4,15.40,1,0,17,1,8,0.125,0,6,0,1,2,0.5,0.125,2,2,1,4,3,7,2,0,0,0,0,4,0,,
2025,NBA,Jevon Carter,carteje01,29,CHI,PG,4.22,296.8,8.24,36,1,321,55,146,0.377,35,105,0.333,20,41,0.488,0.497,8,10,0.8,4,35,39,40,13,3,11,15,153,0,,
2025,NBA,Garrett Temple,templga01,38,TOR,SG,4.24,181.3,6.48,28,0,227,18,60,0.3,6,28,0.214,12,32,0.375,0.35,11,12,0.917,9,20,29,31,17,2,10,23,53,0,,
2025,NBA,Bryce McGowens,mcgowbr01,22,FA,SG,4.35,18.6,1.43,13,0,32,4,14,0.286,0,4,0,4,10,0.4,0.286,5,6,0.833,2,1,3,2,1,0,4,3,13,0,,
2025,NBA,Reece Beekman,beekmre01,23,BKN,PG,4.37,7.7,3.85,2,0,4,1,1,1,0,0,NA,1,1,1,1,0,0,NA,1,0,1,1,1,0,0,1,2,0,,
2025,NBA,Yuki Kawamura,kawamyu01,23,CHI,PG,4.45,79.9,3.63,22,0,93,11,30,0.367,7,23,0.304,4,7,0.571,0.483,7,9,0.778,0,12,12,19,2,0,5,8,36,0,,
2025,NBA,Jordan McLaughlin,mclaujo01,28,SA,PG,4.46,109.3,6.07,18,0,124,15,28,0.536,9,20,0.45,6,8,0.75,0.696,6,6,1,2,7,9,27,5,1,5,5,45,0,,
2025,NBA,Olivier-Maxence Prosper,prospol01,22,DAL,PF,4.52,494.2,9.50,52,4,584,70,174,0.402,12,51,0.235,58,123,0.472,0.437,49,76,0.645,44,82,126,40,26,6,14,28,201,0,,
2025,NBA,Ariel Hukporti,hukpoar01,22,NY,C,4.59,152.7,6.11,25,1,217,21,31,0.677,0,0,NA,21,31,0.677,0.677,6,13,0.462,14,37,51,11,1,15,21,32,48,0,,
2025,NBA,RayJ Dennis,dennira01,23,IND,PG,4.67,87.4,7.95,11,0,70,11,33,0.333,6,21,0.286,5,12,0.417,0.424,2,2,1,2,10,12,14,7,2,5,7,30,0,,
2025,NBA,KJ Simpson,simpskj01,22,CHA,PG,4.67,644.8,17.91,36,15,842,104,301,0.346,33,130,0.254,71,171,0.415,0.4,41,50,0.82,39,70,109,112,34,6,56,56,282,0,,
2025,NBA,Tolu Smith,smithto05,24,DET,PF,4.69,21.6,21.60,1,0,22,6,9,0.667,0,0,NA,6,9,0.667,0.667,2,3,0.667,4,4,8,0,0,0,2,3,14,0,,
2025,NBA,Colin Castleton,castlco01,24,FA,C,4.72,29.8,2.98,10,0,46,2,10,0.2,0,4,0,2,6,0.333,0.2,10,11,0.909,3,6,9,0,1,1,1,6,14,0,,
2025,NBA,Chris Duarte,duartch01,27,FA,SG,4.76,72.5,4.26,17,0,74,12,26,0.462,6,15,0.4,6,11,0.545,0.577,6,8,0.75,5,15,20,9,0,0,1,7,36,0,,
2025,NBA,Quenton Jackson,jacksqu01,26,IND,PG,4.81,356.3,12.73,28,7,381,58,122,0.475,15,40,0.375,43,82,0.524,0.537,31,40,0.775,14,30,44,53,21,5,16,43,162,0,,
2025,NBA,Colby Jones,jonesco02,22,DET,SG,4.82,325.3,21.69,15,0,385,48,103,0.466,12,39,0.308,36,64,0.563,0.524,23,35,0.657,13,51,64,37,20,6,16,24,131,0,,
2025,NBA,MarJon Beauchamp,beaucma01,24,FA,SF,4.88,17.6,5.87,3,0,17,4,7,0.571,2,3,0.667,2,4,0.5,0.714,2,4,0.5,2,1,3,2,0,0,1,2,12,0,,
2025,NBA,Isaac Jones,jonesis01,24,SAC,PF,4.88,249.4,6.24,40,0,304,54,83,0.651,3,8,0.375,51,75,0.68,0.669,23,36,0.639,22,35,57,12,5,10,16,30,134,0,,
2025,NBA,Dariq Whitehead,whiteda01,20,BKN,SF,4.9,172.8,8.64,20,0,246,39,96,0.406,33,74,0.446,6,22,0.273,0.578,3,5,0.6,4,25,29,12,6,1,15,22,114,0,,
2025,NBA,Wendell Moore Jr.,moorewe01,23,FA,SG,4.91,180.3,9.02,20,1,219,23,50,0.46,4,14,0.286,19,36,0.528,0.5,13,14,0.929,11,33,44,23,10,3,9,15,63,0,,
2025,NBA,Dominick Barlow,barlodo01,21,PHI,SF,4.94,348.5,9.96,35,4,375,60,113,0.531,7,27,0.259,53,86,0.616,0.562,21,33,0.636,35,50,85,19,9,16,5,47,148,0,,
2025,NBA,Torrey Craig,craigto01,34,FA,SF,4.99,108.5,12.06,9,1,113,22,45,0.489,15,35,0.429,7,10,0.7,0.656,3,4,0.75,8,17,25,5,2,1,0,15,62,0,,
2025,NBA,Johnny Davis,davisjo06,22,FA,SG,4.99,198.1,5.83,34,0,242,32,78,0.41,7,29,0.241,25,49,0.51,0.455,9,15,0.6,10,28,38,11,15,6,7,18,80,0,,
2025,NBA,P.J. Tucker,tuckepj01,39,FA,SF,5.02,23.6,7.87,3,1,58,3,7,0.429,3,6,0.5,0,1,0,0.643,0,0,NA,4,4,8,0,1,1,1,8,9,0,,
2025,NBA,Damion Baugh,baughda01,24,FA,SG,5.04,273,18.20,15,2,370,42,130,0.323,12,56,0.214,30,74,0.405,0.369,13,15,0.867,14,36,50,56,15,2,31,22,109,0,,
2025,NBA,Brandon Williams,willibr03,25,DAL,PG,5.09,506.6,15.35,33,3,487,98,188,0.521,24,60,0.4,74,128,0.578,0.585,55,66,0.833,12,46,58,76,24,5,39,33,275,0,,
2025,NBA,Cam Spencer,spencca01,24,MEM,SG,5.18,217,8.68,25,1,252,34,82,0.415,19,53,0.358,15,29,0.517,0.53,19,19,1,12,18,30,34,9,1,6,23,106,0,,
2025,NBA,Jackson Rowe,roweja01,28,GS,PF,5.2,52.2,8.70,6,0,52,8,17,0.471,3,10,0.3,5,7,0.714,0.559,3,6,0.5,3,8,11,4,4,0,1,4,22,0,,
2025,NBA,Drew Timme,timmedr01,24,BKN,PF,5.21,217,24.11,9,2,254,45,102,0.441,9,35,0.257,36,67,0.537,0.485,10,16,0.625,17,48,65,20,4,1,15,21,109,0,,
2025,NBA,Doug McDermott,mcderdo01,33,SAC,SF,5.27,195.9,4.66,42,3,342,50,117,0.427,44,101,0.436,6,16,0.375,0.615,3,5,0.6,3,19,22,7,4,2,6,30,147,0,,
2025,NBA,Leonard Miller,millele01,21,MIN,SF,5.48,40.2,3.09,13,0,32,6,15,0.4,0,5,0,6,10,0.6,0.4,8,8,1,3,8,11,0,2,1,2,2,20,0,,
2025,NBA,Dwight Powell,poweldw01,33,DAL,C,5.58,437.1,7.95,55,3,551,42,61,0.689,2,5,0.4,40,56,0.714,0.705,28,43,0.651,47,71,118,55,18,21,18,75,114,0,,
2025,NBA,Zeke Nnaji,nnajize01,24,DEN,PF,5.66,501.5,8.80,57,4,608,70,141,0.496,17,52,0.327,53,89,0.596,0.557,27,44,0.614,33,57,90,23,25,38,14,62,184,0,,
2025,NBA,Pelle Larsson,larsspe01,23,MIA,SG,5.68,551.9,10.03,55,8,782,89,203,0.438,32,95,0.337,57,108,0.528,0.517,41,61,0.672,28,64,92,65,32,7,24,91,251,0,,
2025,NBA,Taze Moore,mooreta02,26,FA,SG,5.72,21.1,10.55,2,0,20,2,10,0.2,1,4,0.25,1,6,0.167,0.25,1,2,0.5,4,4,8,1,2,0,2,0,6,0,,
2025,NBA,Dillon Jones,jonesdi01,23,WAS,SF,5.74,399.2,7.39,54,3,551,51,133,0.383,16,63,0.254,35,70,0.5,0.444,17,28,0.607,30,91,121,58,16,4,28,54,135,0,,
2025,NBA,Bronny James,jamesbr02,20,LAL,SG,5.76,139.6,5.17,27,1,181,21,67,0.313,9,32,0.281,12,35,0.343,0.381,11,14,0.786,4,14,18,22,9,3,13,13,62,0,,
2025,NBA,Dru Smith,smithdr01,27,FA,SG,5.83,228.7,16.34,14,1,268,31,61,0.508,16,30,0.533,15,31,0.484,0.639,9,12,0.75,12,24,36,23,21,6,17,30,87,0,,
2025,NBA,Rayan Rupert,ruperra01,20,POR,SG,5.98,306.5,5.89,52,0,460,58,142,0.408,16,59,0.271,42,83,0.506,0.465,23,30,0.767,26,44,70,25,16,4,30,37,155,0,,
2025,NBA,Kyle Lowry,lowryky01,38,PHI,PG,5.98,473.4,13.53,35,12,659,41,117,0.35,29,88,0.33,12,29,0.414,0.474,27,33,0.818,11,56,67,96,33,11,21,62,138,0,,
2025,NBA,Patty Mills,millspa02,36,FA,PG,6.05,159.7,9.39,17,0,260,26,76,0.342,17,57,0.298,9,19,0.474,0.454,5,5,1,3,18,21,21,12,3,16,12,74,0,,
2025,NBA,Caleb Houstan,houstca01,22,ATL,SF,6.06,452.5,7.80,58,6,788,80,190,0.421,64,160,0.4,16,30,0.533,0.589,15,17,0.882,19,56,75,35,22,6,13,62,239,0,,
2025,NBA,Christian Koloko,kolokch01,24,FA,C,6.07,284.4,7.69,37,0,342,40,66,0.606,0,4,0,40,62,0.645,0.606,10,14,0.714,35,57,92,16,8,16,12,44,90,0,,
2025,NBA,Jaylon Tyson,tysonja01,22,CLE,SG,6.1,370.2,7.88,47,3,453,64,149,0.43,20,58,0.345,44,91,0.484,0.497,19,24,0.792,37,59,96,44,13,3,26,50,167,0,,
2025,NBA,Patrick Baldwin Jr.,baldwpa01,22,LAC,SF,6.15,97.5,4.06,24,0,107,19,35,0.543,13,23,0.565,6,12,0.5,0.729,2,4,0.5,5,20,25,3,3,2,5,7,53,0,,
2025,NBA,Kessler Edwards,edwarke02,24,FA,SF,6.15,470,11.75,40,18,608,67,135,0.496,22,54,0.407,45,81,0.556,0.578,12,13,0.923,22,93,115,42,19,20,16,62,168,0,,
2025,NBA,Taj Gibson,gibsota01,39,FA,C,6.21,338.5,9.15,37,11,409,47,95,0.495,1,2,0.5,46,93,0.495,0.5,12,20,0.6,51,69,120,21,9,18,25,54,107,0,,
2025,NBA,Jaden Springer,sprinja01,22,NO,PG,6.22,172.3,10.14,17,2,224,23,56,0.411,6,29,0.207,17,27,0.63,0.464,12,17,0.706,13,21,34,23,12,3,12,25,64,0,,
2025,NBA,Marcus Bagley,baglema02,23,FA,SF,6.26,222,22.20,10,4,253,27,69,0.391,5,32,0.156,22,37,0.595,0.428,8,10,0.8,23,47,70,10,9,12,7,16,67,0,,
2025,NBA,Trevelin Queen,queentr01,27,FA,SG,6.28,374.8,12.09,31,2,430,56,147,0.381,22,77,0.286,34,70,0.486,0.456,18,21,0.857,26,28,54,38,31,10,22,38,152,0,,
2025,NBA,Cory Joseph,josepco01,33,FA,PG,6.31,445.8,8.92,50,16,612,62,154,0.403,39,107,0.364,23,47,0.489,0.529,14,18,0.778,17,57,74,72,26,4,18,50,177,0,,
2025,NBA,Keion Brooks Jr.,brookke02,24,FA,SF,6.37,279.1,19.94,14,6,332,53,109,0.486,14,43,0.326,39,66,0.591,0.55,22,30,0.733,12,46,58,13,10,10,12,30,142,0,,
2025,NBA,Anthony Gill,gillan01,32,FA,PF,6.43,255.2,5.00,51,0,397,43,88,0.489,10,31,0.323,33,57,0.579,0.545,33,50,0.66,18,48,66,16,9,2,10,30,129,0,,
2025,NBA,Alex Len,lenal01,31,FA,C,6.43,74.2,7.42,10,4,122,10,22,0.455,1,3,0.333,9,19,0.474,0.477,1,4,0.25,13,18,31,8,1,3,9,21,22,0,,
2025,NBA,Jericho Sims,simsje01,26,FA,C,6.5,153.1,10.94,14,0,210,17,25,0.68,0,0,NA,17,25,0.68,0.68,0,0,NA,20,48,68,11,2,9,12,19,34,0,,
2025,NBA,Lindy Waters III,waterli01,27,FA,SG,6.79,466.2,12.27,38,9,655,76,205,0.371,49,148,0.331,27,57,0.474,0.49,8,11,0.727,16,80,96,42,22,10,17,55,209,0,,
2025,NBA,Ousmane Dieng,diengou01,21,OKC,C,6.82,339.7,9.18,37,1,405,54,125,0.432,23,71,0.324,31,54,0.574,0.524,11,16,0.688,18,63,81,31,17,7,18,33,142,0,,
2025,NBA,Tristan Thompson,thomptr01,33,FA,C,6.85,290.8,7.27,40,0,328,31,71,0.437,0,3,0,31,68,0.456,0.437,7,30,0.233,32,102,134,24,2,11,14,36,69,0,,
2025,NBA,Branden Carlson,carlsbr01,25,FA,C,6.94,278.8,8.71,32,0,246,43,97,0.443,22,66,0.333,21,31,0.677,0.557,14,18,0.778,17,37,54,14,5,21,7,22,122,0,,
2025,NBA,Svi Mykhailiuk,mykhasv01,27,UTA,SF,7.02,582,15.32,38,13,760,118,302,0.391,70,203,0.345,48,99,0.485,0.507,28,35,0.8,22,68,90,76,19,7,52,43,334,0,,
2025,NBA,Justin Edwards,edwarju01,21,PHI,SF,7.03,860.1,19.55,44,26,1155,172,378,0.455,69,190,0.363,103,188,0.548,0.546,32,46,0.696,46,102,148,69,45,16,49,98,445,0,,
2025,NBA,Gui Santos,santogu01,22,GS,PF,7.13,616.4,11.01,56,2,762,82,179,0.458,34,103,0.33,48,76,0.632,0.553,29,42,0.69,72,100,172,80,25,10,42,91,227,0,,
2025,NBA,Killian Hayes,hayeski01,23,FA,PG,7.21,137.1,22.85,6,5,162,18,43,0.419,8,21,0.381,10,22,0.455,0.512,10,12,0.833,5,13,18,31,4,4,9,13,54,0,,
2025,NBA,De'Anthony Melton,meltode01,26,FA,SG,7.25,128.5,21.42,6,2,121,22,54,0.407,13,35,0.371,9,19,0.474,0.528,5,8,0.625,6,14,20,17,7,2,10,18,62,0,,
2025,NBA,PJ Hall,hallpj01,22,MEM,C,7.29,75.4,3.97,19,0,66,14,24,0.583,2,8,0.25,12,16,0.75,0.625,3,4,0.75,6,16,22,4,0,4,2,11,33,0,,
2025,NBA,Jamal Cain,cainja01,25,FA,SF,7.31,405,10.95,37,0,502,68,158,0.43,26,80,0.325,42,78,0.538,0.513,34,50,0.68,27,58,85,22,23,9,22,46,196,0,,
2025,NBA,Elfrid Payton,paytoel01,30,FA,PG,7.37,403.2,22.40,18,7,388,37,101,0.366,1,6,0.167,36,95,0.379,0.371,4,7,0.571,14,52,66,146,18,8,52,24,79,0,,
2025,NBA,Kevin Love,loveke01,36,UTA,PF,7.39,310.8,13.51,23,9,251,41,115,0.357,24,67,0.358,17,48,0.354,0.461,16,23,0.696,22,72,94,22,15,4,14,21,122,0,,
2025,NBA,Duop Reath,reathdu01,28,POR,C,7.43,405.4,8.81,46,0,469,70,166,0.422,34,106,0.321,36,60,0.6,0.524,20,22,0.909,44,48,92,26,12,14,16,41,194,0,,
2025,NBA,Jaylen Clark,clarkja02,23,MIN,SG,7.45,371.6,9.29,40,4,522,56,120,0.467,22,51,0.431,34,69,0.493,0.558,29,37,0.784,26,27,53,26,36,2,8,61,163,0,,
2025,NBA,Nick Smith Jr.,smithni01,20,CHA,SG,7.74,949.1,15.82,60,27,1369,222,568,0.391,104,306,0.34,118,262,0.45,0.482,43,46,0.935,13,115,128,145,17,6,82,79,591,0,,
2025,NBA,Malaki Branham,branhma01,21,WAS,SG,7.74,358.2,7.62,47,0,427,87,190,0.458,34,84,0.405,53,106,0.5,0.547,27,33,0.818,7,44,51,38,11,2,34,29,235,0,,
2025,NBA,Nae'Qwan Tomlin,tomlina01,24,CLE,PF,7.79,65.2,13.04,5,1,63,13,32,0.406,2,10,0.2,11,22,0.5,0.438,8,11,0.727,9,12,21,2,0,1,2,9,36,0,,
2025,NBA,Jared Rhoden,rhodeja01,25,FA,SG,7.79,205.6,20.56,10,2,215,40,79,0.506,12,37,0.324,28,42,0.667,0.582,22,25,0.88,12,26,38,14,9,2,8,19,114,0,,
2025,NBA,Eric Gordon,gordoer01,36,PHI,SG,7.8,504.7,12.94,39,13,768,87,204,0.426,56,137,0.409,31,67,0.463,0.564,36,48,0.75,8,38,46,65,26,12,28,32,266,0,,
2025,NBA,Micah Potter,pottemi01,26,FA,C,7.92,458.3,12.06,38,10,705,57,135,0.422,31,98,0.316,26,37,0.703,0.537,17,20,0.85,43,121,164,31,14,14,31,50,162,0,,
2025,NBA,Jaylen Nowell,nowelja01,25,FA,SG,7.94,125,15.63,8,0,168,26,73,0.356,8,27,0.296,18,46,0.391,0.411,7,11,0.636,6,14,20,18,1,4,8,9,67,0,,
2025,NBA,Julian Phillips,phillju01,21,CHI,SF,8.14,774.3,9.80,79,5,1123,128,287,0.446,50,153,0.327,78,134,0.582,0.533,60,76,0.789,67,102,169,39,38,20,27,108,366,0,,
2025,NBA,Malachi Flynn,flynnma01,26,FA,PG,8.2,39.9,9.98,4,0,44,5,13,0.385,1,4,0.25,4,9,0.444,0.423,5,6,0.833,3,4,7,7,3,0,4,4,16,0,,
2025,NBA,Landry Shamet,shamela01,27,NY,SG,8.3,452.7,9.05,50,0,762,106,230,0.461,62,156,0.397,44,74,0.595,0.596,12,18,0.667,11,50,61,27,23,2,22,52,286,0,,
2025,NBA,Oscar Tshiebwe,tshieos01,25,FA,C,8.39,298.9,21.35,14,1,255,42,70,0.6,0,0,NA,42,70,0.6,0.6,23,31,0.742,46,76,122,9,13,1,10,24,107,0,,
2025,NBA,Pat Connaughton,connapa01,32,CHA,SG,8.43,487.8,11.90,41,1,603,83,177,0.469,26,81,0.321,57,96,0.594,0.542,24,31,0.774,19,90,109,70,9,11,24,45,216,0,,
2025,NBA,Baylor Scheierman,scheiba01,24,BOS,SG,8.47,285.5,9.21,31,2,384,39,110,0.355,26,82,0.317,13,28,0.464,0.473,9,12,0.75,19,46,65,33,17,2,12,22,113,0,,
2025,NBA,Jabari Walker,walkeja01,22,PHI,SF,8.51,704.7,11.75,60,1,749,118,229,0.515,28,72,0.389,90,157,0.573,0.576,49,71,0.69,59,152,211,37,33,6,34,87,313,0,,
2025,NBA,Jae Crowder,crowdja01,34,FA,PF,8.54,61,6.78,9,2,103,7,22,0.318,4,15,0.267,3,7,0.429,0.409,5,6,0.833,6,14,20,6,3,0,4,10,23,0,,
2025,NBA,Jared Butler,butleja02,24,PHO,"PG,SG",8.65,1088,18.13,60,17,1044,203,453,0.448,60,169,0.355,143,284,0.504,0.514,75,91,0.824,25,85,110,220,42,13,80,97,541,0,,
2025,NBA,Collin Gillespie,gilleco01,25,PHO,PG,8.67,465.6,14.11,33,9,461,68,158,0.43,39,90,0.433,29,68,0.426,0.554,19,22,0.864,22,56,78,78,21,5,17,30,194,0,,
2025,NBA,Kobe Bufkin,bufkiko01,21,ATL,SG,8.69,110.7,11.07,10,0,124,18,47,0.383,4,19,0.211,14,28,0.5,0.426,13,18,0.722,5,16,21,17,3,2,8,9,53,0,,
2025,NBA,Jett Howard,howarje01,21,ORL,SF,8.8,453,7.55,60,0,701,98,262,0.374,55,186,0.296,43,76,0.566,0.479,16,23,0.696,20,50,70,44,13,11,36,68,267,0,,
2025,NBA,Jae'Sean Tate,tateja01,29,HOU,SF,8.81,475.9,9.15,52,2,588,70,148,0.473,16,46,0.348,54,102,0.529,0.527,32,47,0.681,50,67,117,47,26,7,22,82,188,0,,
2025,NBA,Ja'Kobe Walter,walteja01,20,TOR,SG,8.81,871.5,16.76,52,18,1103,159,393,0.405,65,186,0.349,94,207,0.454,0.487,66,83,0.795,59,101,160,81,43,10,50,95,449,0,,
2025,NBA,A.J. Lawson,lawsoaj01,24,FA,SG,8.82,427.7,16.45,26,2,486,80,190,0.421,33,101,0.327,47,89,0.528,0.508,43,63,0.683,20,66,86,31,13,6,15,44,236,0,,
2025,NBA,Malik Beasley,beaslma01,28,FA,"SG,SF",9.03,1952.3,23.81,82,18,2283,461,1071,0.43,319,766,0.416,142,305,0.466,0.579,95,140,0.679,47,167,214,139,73,5,83,125,1336,0,,
2025,NBA,Cam Reddish,reddica01,25,FA,SF,9.04,334.2,10.13,33,8,589,38,94,0.404,13,47,0.277,25,47,0.532,0.473,16,26,0.615,17,49,66,22,33,10,12,43,105,0,,
2025,NBA,David Roddy,roddyda01,23,FA,PF,9.09,38.3,12.77,3,0,29,8,19,0.421,2,11,0.182,6,8,0.75,0.474,0,0,NA,2,7,9,3,2,0,1,1,18,0,,
2025,NBA,Monte Morris,morrimo01,29,PHO,PG,9.13,470.9,10.46,45,0,571,83,195,0.426,31,86,0.36,52,109,0.477,0.505,36,42,0.857,12,55,67,73,20,3,21,23,233,0,,
2025,NBA,Jock Landale,landajo01,29,MEM,C,9.18,467.9,11.14,42,3,500,81,152,0.533,11,26,0.423,70,126,0.556,0.569,27,40,0.675,56,81,137,37,13,10,21,49,200,0,,
2025,NBA,Cody Williams,willico04,20,UTA,SG,9.22,527.1,10.54,50,21,1060,83,257,0.323,35,135,0.259,48,122,0.393,0.391,29,40,0.725,27,86,113,59,23,16,44,95,230,0,,
2025,NBA,Ajay Mitchell,mitchaj01,22,OKC,SG,9.22,469.6,13.04,36,1,597,91,184,0.495,23,60,0.383,68,124,0.548,0.557,29,35,0.829,18,50,68,64,25,4,29,68,234,0,,
2025,NBA,Josh Okogie,okogijo01,26,HOU,SG,9.24,300.7,20.05,15,6,274,38,98,0.388,16,50,0.32,22,48,0.458,0.469,41,53,0.774,13,28,41,19,27,8,15,19,133,0,,
2025,NBA,Lamar Stevens,stevela01,27,FA,PF,9.51,145.6,8.56,17,1,155,29,63,0.46,8,27,0.296,21,36,0.583,0.524,8,11,0.727,4,34,38,8,5,3,10,15,74,0,,
2025,NBA,Kris Murray,murrakr01,24,POR,SF,9.76,720.4,10.44,69,6,1040,117,279,0.419,27,120,0.225,90,159,0.566,0.468,26,57,0.456,76,106,182,68,35,17,43,66,287,0,,
2025,NBA,Bruno Fernando,fernabr01,26,FA,C,9.76,171.2,10.07,17,2,147,26,49,0.531,0,0,NA,26,49,0.531,0.531,6,8,0.75,21,30,51,18,4,9,14,27,58,0,,
2025,NBA,Dalton Knecht,knechda01,23,LAL,SF,9.85,1123.2,14.40,78,16,1494,257,557,0.461,128,340,0.376,129,217,0.594,0.576,64,84,0.762,37,179,216,66,24,8,37,93,706,0,,
2025,NBA,Grant Williams,willigr01,26,CHA,PF,9.86,384.9,24.06,16,7,479,54,123,0.439,27,74,0.365,27,49,0.551,0.549,31,37,0.838,18,64,82,37,18,13,28,46,166,0,,
2025,NBA,Blake Wesley,weslebl01,21,POR,SG,9.96,536.2,9.24,58,0,683,81,186,0.435,17,58,0.293,64,128,0.5,0.481,38,61,0.623,17,44,61,114,37,6,54,46,217,0,,
2025,NBA,Shake Milton,miltosh01,28,FA,SG,9.99,384.2,19.8,27,1,492,73,157,0.465,28,72,0.389,45,85,0.529,0.554,25,33,0.758,16,35,51,64,15,1,20,43,199,0,,
2025,NBA,Bol Bol,bolbo01,25,FA,PF,10.02,483.8,13.44,36,10,448,96,183,0.525,32,93,0.344,64,90,0.711,0.612,20,26,0.769,20,84,104,22,9,25,20,20,244,0,,
2025,NBA,Trey Jemison,jemistr01,25,LAL,C,10.03,134.8,8.43,16,0,166,15,32,0.469,0,0,NA,15,32,0.469,0.469,8,21,0.381,22,22,44,10,7,6,10,27,38,0,,
2025,NBA,AJ Johnson,johnsaj01,20,WAS,SG,10.04,414.8,14.30,29,11,639,82,213,0.385,24,90,0.267,58,123,0.472,0.441,32,37,0.865,8,51,59,76,12,3,35,50,220,0,,
2025,NBA,Maxi Kleber,klebima01,33,LAL,PF,10.14,336.5,9.90,34,4,637,37,96,0.385,13,49,0.265,24,47,0.511,0.453,16,21,0.762,25,70,95,43,9,17,23,66,103,0,,
2025,NBA,Markelle Fultz,fultzma01,26,FA,PG,10.16,146.5,6.98,21,0,184,28,67,0.418,4,8,0.5,24,59,0.407,0.448,1,1,1,6,14,20,27,10,2,15,12,61,0,,
2025,NBA,Charles Bassey,bassech01,24,FA,C,10.34,473.9,13.16,36,1,376,68,117,0.581,0,0,NA,68,117,0.581,0.581,21,33,0.636,56,96,152,17,14,30,23,50,157,0,,
2025,NBA,Simone Fontecchio,fontesi01,29,MIA,SF,10.38,876.5,11.69,75,0,1237,150,373,0.402,76,227,0.335,74,146,0.507,0.504,70,84,0.833,52,163,215,65,31,12,54,95,446,0,,
2025,NBA,Craig Porter Jr.,portecr01,24,CLE,PG,10.4,432.9,8.49,51,1,513,72,140,0.514,21,48,0.438,51,92,0.554,0.589,23,32,0.719,19,48,67,71,17,15,38,25,188,0,,
2025,NBA,Seth Curry,curryse01,34,FA,SG,10.49,739.6,19.8,68,14,1062,164,343,0.478,83,182,0.456,81,161,0.503,0.599,33,39,0.846,24,89,113,60,27,7,32,59,444,0,,
2025,NBA,Andre Jackson Jr.,jacksan01,23,MIL,SG,10.49,658.9,9.83,67,43,980,94,197,0.477,30,76,0.395,64,121,0.529,0.553,12,24,0.5,65,117,182,83,34,14,58,114,230,0,,
2025,NBA,Tyrese Martin,martity01,25,BKN,SG,10.54,1023.8,17.06,60,11,1315,189,465,0.406,99,282,0.351,90,183,0.492,0.513,46,58,0.793,58,161,219,122,34,9,74,77,523,0,,
2025,NBA,Garrison Mathews,mathega01,28,ATL,SG,10.6,639.4,13.60,47,2,830,102,257,0.397,85,218,0.39,17,39,0.436,0.562,64,78,0.821,13,74,87,60,26,15,31,81,353,0,,
2025,NBA,Dalen Terry,terryda01,22,CHI,SG,10.67,744.3,10.20,73,5,987,120,268,0.448,37,104,0.356,83,164,0.506,0.517,49,69,0.71,38,86,124,97,44,15,53,114,326,0,,
2025,NBA,Keaton Wallace,wallake01,25,ATL,PG,10.73,427.5,13.79,31,5,501,65,162,0.401,27,82,0.329,38,80,0.475,0.485,11,11,1,7,43,50,81,28,9,33,39,168,1,,
2025,NBA,Gary Harris,harriga01,30,MIL,SG,10.79,363.8,7.58,48,3,711,51,133,0.383,36,101,0.356,15,32,0.469,0.519,7,12,0.583,20,44,64,30,26,12,17,45,145,0,,
2025,NBA,Javonte Green,greenja02,31,FA,SG,10.81,152.5,8.47,18,1,166,23,63,0.365,8,33,0.242,15,30,0.5,0.429,5,10,0.5,10,30,40,11,10,1,4,21,59,0,,
2025,NBA,Ricky Council IV,councri01,23,FA,SF,10.85,1017.3,13.94,73,12,1250,177,463,0.382,55,213,0.258,122,250,0.488,0.442,123,153,0.804,51,163,214,97,32,13,52,67,532,0,,
2025,NBA,John Konchar,konchjo01,28,MEM,SG,10.98,472.2,10.27,46,4,558,41,91,0.451,23,62,0.371,18,29,0.621,0.577,7,8,0.875,37,114,151,42,30,14,16,32,112,0,,
2025,NBA,James Wiseman,wisemja01,23,IND,C,10.98,7.2,7.20,1,0,5,2,4,0.5,0,1,0,2,3,0.667,0.5,2,2,1,0,1,1,0,0,0,0,0,6,0,,
2025,NBA,Mo Bamba,bambamo01,26,FA,C,11.08,51,12.75,4,0,61,4,9,0.444,0,4,0,4,5,0.8,0.444,2,2,1,6,19,25,2,0,3,1,7,10,0,,
2025,NBA,Oshae Brissett,brissos01,26,FA,SF,11.1,97.4,16.23,6,2,142,19,39,0.487,6,18,0.333,13,21,0.619,0.564,8,14,0.571,7,15,22,4,4,3,8,14,52,0,,
2025,NBA,Terrence Shannon Jr.,shannte01,24,MIN,SG,11.13,263.4,8.23,32,1,339,55,114,0.482,11,31,0.355,44,83,0.53,0.531,17,21,0.81,10,37,47,32,7,5,15,27,138,0,,
2025,NBA,Gabe Vincent,vincega01,28,LAL,PG,11.17,868.4,12.06,72,11,1527,168,420,0.4,109,309,0.353,59,111,0.532,0.53,15,21,0.714,20,72,92,98,51,13,41,152,460,0,,
2025,NBA,Aaron Holiday,holidaa01,28,HOU,PG,11.24,611.1,9.86,62,3,792,117,268,0.437,72,181,0.398,45,87,0.517,0.571,34,41,0.829,13,65,78,83,19,11,37,64,340,0,,
2025,NBA,Tony Bradley,bradlto01,27,FA,C,11.3,148.4,10.60,14,0,113,29,45,0.644,1,3,0.333,28,42,0.667,0.656,2,6,0.333,18,24,42,6,2,9,5,11,61,0,,
2025,NBA,Johnny Juzang,juzanjo01,23,FA,SG,11.36,998.8,15.61,64,18,1270,204,475,0.429,118,314,0.376,86,161,0.534,0.554,45,53,0.849,42,142,184,68,39,8,36,126,571,0,,
2025,NBA,Keon Johnson,johnske07,22,BKN,"PG,SG",11.4,1677.9,21.24,79,56,1925,303,779,0.389,126,401,0.314,177,378,0.468,0.47,107,139,0.77,63,234,297,175,82,30,116,209,839,0,,
2025,NBA,Johnny Furphy,furphjo01,20,IND,SG,11.41,291.7,5.83,50,0,379,35,92,0.38,15,50,0.3,20,42,0.476,0.462,18,22,0.818,23,48,71,19,18,11,12,41,103,0,,
2025,NBA,Larry Nance Jr.,nancela02,32,CLE,PF,11.43,466.6,19.44,24,3,463,80,155,0.516,34,76,0.447,46,79,0.582,0.626,9,13,0.692,23,80,103,38,20,13,16,37,203,0,,
2025,NBA,Thomas Bryant,bryanth01,27,FA,C,11.44,113.4,11.34,10,0,115,12,28,0.429,6,17,0.353,6,11,0.545,0.536,11,11,1,6,26,32,4,1,9,2,9,41,0,,
2025,NBA,Jaden Hardy,hardyja02,22,DAL,SG,11.46,741.3,13.01,57,3,907,180,414,0.435,76,197,0.386,104,217,0.479,0.527,60,86,0.698,9,80,89,81,28,5,82,90,496,0,,
2025,NBA,Xavier Tillman Sr.,tillmxa01,26,BOS,C,11.62,130.1,3.94,33,2,231,13,53,0.245,5,32,0.156,8,21,0.381,0.292,3,4,0.75,10,33,43,7,11,5,14,18,34,0,,
2025,NBA,Caleb Martin,martica02,29,DAL,"SG,SF",11.63,666.7,21.51,31,24,943,101,232,0.435,33,87,0.379,68,145,0.469,0.506,46,74,0.622,43,93,136,69,34,20,43,63,281,0,,
2025,NBA,Dante Exum,exumda01,29,DAL,PG,11.68,320.6,16.03,20,13,372,64,134,0.478,23,53,0.434,41,81,0.506,0.563,23,31,0.742,4,29,33,56,12,3,22,34,174,0,,
2025,NBA,Nicolas Batum,batumni01,36,LAC,PF,11.71,930.6,11.93,78,8,1367,104,238,0.437,88,203,0.433,16,35,0.457,0.622,17,21,0.81,47,171,218,84,52,36,34,111,313,0,,
2025,NBA,Daniel Theis,theisda01,32,FA,C,11.79,537.8,14.15,38,9,621,61,129,0.473,9,37,0.243,52,92,0.565,0.508,31,37,0.838,44,120,164,60,18,20,25,70,162,0,,
2025,NBA,Josh Minott,minotjo01,22,BOS,SF,11.9,272.4,5.92,46,0,276,44,90,0.489,14,43,0.326,30,47,0.638,0.567,17,19,0.895,12,35,47,18,15,12,11,34,119,0,,
2025,NBA,Jaylin Williams,willija07,22,OKC,"PF,C",12.14,890.4,18.94,47,9,784,97,221,0.439,61,153,0.399,36,68,0.529,0.577,23,30,0.767,48,214,262,120,22,29,35,79,278,3,,
2025,NBA,Oso Ighodaro,ighodos01,22,PHO,PF,12.23,759.9,12.46,61,6,1045,113,187,0.604,0,2,0,113,185,0.611,0.604,29,50,0.58,66,156,222,71,28,29,39,102,255,0,,
2025,NBA,Jaxson Hayes,hayesja02,24,LAL,C,12.23,995.8,17.78,56,35,1093,161,223,0.722,0,3,0,161,220,0.732,0.722,61,98,0.622,78,191,269,58,31,51,43,136,383,0,,
2025,NBA,Josh Richardson,richajo01,31,FA,SG,12.42,83.4,10.43,8,0,150,11,38,0.289,6,22,0.273,5,16,0.313,0.368,4,4,1,6,6,12,12,8,1,8,17,32,0,,
2025,NBA,Georges Niang,niangge01,31,UTA,PF,12.49,1320.9,16.72,79,3,1697,286,620,0.461,166,409,0.406,120,211,0.569,0.595,46,58,0.793,47,225,272,111,28,14,82,201,784,0,,
2025,NBA,Jamison Battle,battlja01,23,TOR,SF,12.5,742.1,12.58,59,10,1042,149,347,0.429,105,259,0.405,44,88,0.5,0.581,16,18,0.889,37,121,158,53,17,10,27,92,419,0,,
2025,NBA,Bismack Biyombo,biyombi01,32,FA,C,12.51,470.1,16.79,28,26,528,67,114,0.588,0,0,NA,67,114,0.588,0.588,10,25,0.4,43,115,158,31,16,23,27,52,144,0,,
2025,NBA,Quinten Post,postqu01,24,GS,PF,12.54,670.6,15.97,42,14,686,123,274,0.449,73,179,0.408,50,95,0.526,0.582,21,27,0.778,35,113,148,56,16,18,33,83,340,0,,
2025,NBA,Sandro Mamukelashvili,mamuksa01,25,TOR,PF,12.63,772.4,19.8,61,0,681,141,281,0.502,60,161,0.373,81,120,0.675,0.609,43,58,0.741,62,125,187,48,22,17,26,60,385,0,,
2025,NBA,Marvin Bagley III,baglema01,25,WAS,C,12.67,195.7,10.30,19,1,166,38,71,0.535,2,10,0.2,36,61,0.59,0.549,15,23,0.652,27,29,56,7,7,5,11,12,93,0,,
2025,NBA,Josh Green,greenjo02,24,CHA,SG,12.72,1071.4,15.76,68,67,1887,180,421,0.428,97,248,0.391,83,173,0.48,0.543,49,72,0.681,56,116,172,108,74,15,70,165,506,0,,
2025,NBA,Devin Carter,cartede02,22,SAC,PG,12.94,347.7,9.66,36,0,396,47,127,0.37,18,61,0.295,29,66,0.439,0.441,26,44,0.591,19,57,76,41,21,4,18,39,138,0,,
2025,NBA,Drew Eubanks,eubandr01,27,SAC,C,12.98,165.1,6.88,24,0,178,27,49,0.551,0,1,0,27,48,0.563,0.551,11,14,0.786,20,38,58,9,2,7,10,17,65,0,,
2025,NBA,GG Jackson II,jacksgg01,20,MEM,PF,13.02,382.9,13.20,29,3,459,74,199,0.372,32,95,0.337,42,104,0.404,0.452,29,40,0.725,27,65,92,29,12,5,31,30,209,0,,
2025,NBA,Kenrich Williams,willike04,30,OKC,PF,13.05,990.7,14.36,69,7,1132,171,354,0.483,66,171,0.386,105,183,0.574,0.576,28,39,0.718,65,176,241,97,43,10,39,110,436,0,,
2025,NBA,Matisse Thybulle,thybuma01,27,POR,SG,13.08,329.4,21.96,15,5,312,42,88,0.477,21,48,0.438,21,40,0.525,0.597,7,15,0.467,14,38,52,28,33,9,13,14,112,0,,
2025,NBA,Tre Mann,manntr01,23,CHA,PG,13.09,295.1,22.70,13,0,319,70,161,0.435,24,60,0.4,46,101,0.455,0.509,19,21,0.905,12,26,38,39,7,4,25,24,183,0,,
2025,NBA,Jordan Walsh,walshjo01,20,BOS,PF,13.11,245.3,4.72,52,1,403,30,83,0.361,15,55,0.273,15,28,0.536,0.452,7,12,0.583,23,46,69,19,12,11,17,30,82,0,,
2025,NBA,Vit Krejci,krejcvi01,24,ATL,PG,13.15,955.7,16.77,57,16,1153,145,292,0.497,90,206,0.437,55,86,0.64,0.651,32,45,0.711,22,134,156,147,36,26,50,105,412,0,,
2025,NBA,Kyle Anderson,anderky01,31,UTA,SF,13.3,443.2,17.73,25,1,461,66,134,0.493,6,18,0.333,60,116,0.517,0.515,30,38,0.789,26,70,96,64,14,13,17,41,168,0,,
2025,NBA,Rob Dillingham,dilliro01,20,MIN,PG,13.36,436,8.90,49,1,516,93,211,0.441,25,74,0.338,68,137,0.496,0.5,8,15,0.533,12,38,50,98,20,1,53,37,219,0,,
2025,NBA,Terry Rozier,roziete01,30,MIA,PG,13.47,1290.1,20.16,64,23,1658,248,635,0.391,91,308,0.295,157,327,0.48,0.462,92,108,0.852,44,194,238,167,37,14,78,73,679,0,,
2025,NBA,Jalen Wilson,wilsoja03,24,BKN,PF,13.6,1346.5,17.04,79,22,2031,246,620,0.397,122,362,0.337,124,258,0.481,0.495,135,165,0.818,75,195,270,145,40,5,79,164,749,0,,
2025,NBA,Jamal Shead,sheadja01,22,TOR,PG,13.66,1232,16.43,75,11,1467,204,504,0.405,72,223,0.323,132,281,0.47,0.476,53,69,0.768,30,85,115,316,58,10,117,158,533,0,,
2025,NBA,Vasilije Micic,micicva01,31,FA,PG,13.82,0.9,0.18,5,0,21,0,0,NA,0,0,NA,0,0,NA,NA,0,0,NA,0,2,2,1,0,0,3,1,0,0,,
2025,NBA,Max Christie,chrisma02,21,DAL,"SG,SF",13.83,709,22.16,32,11,973,124,302,0.411,55,151,0.364,69,151,0.457,0.502,56,65,0.862,13,122,135,80,29,10,49,42,359,0,,
2025,NBA,Amir Coffey,coffeam01,27,FA,SG,13.88,1100.7,15.29,72,13,1748,240,510,0.471,101,247,0.409,139,263,0.529,0.57,115,129,0.891,32,129,161,77,40,7,45,120,696,0,,
2025,NBA,Ochai Agbaji,agbajoc01,24,TOR,"SG,SF",14.03,1314.4,20.54,64,45,1739,266,534,0.498,101,253,0.399,165,281,0.587,0.593,34,48,0.708,61,181,242,98,58,30,54,125,667,0,,
2025,NBA,Gary Payton II,paytoga02,32,GS,SG,14.07,914.5,14.75,62,11,927,171,298,0.574,31,95,0.326,140,203,0.69,0.626,27,38,0.711,53,132,185,83,52,17,39,108,400,0,,
2025,NBA,Cameron Payne,payneca01,30,NY,PG,14.09,1042.3,14.48,72,5,1090,179,446,0.401,93,256,0.363,86,190,0.453,0.506,49,54,0.907,14,90,104,203,39,16,52,111,500,0,,
2025,NBA,Reggie Jackson,jacksre01,34,FA,PG,14.12,293.9,9.48,31,1,384,52,133,0.391,25,74,0.338,27,59,0.458,0.485,7,9,0.778,8,34,42,45,16,3,17,34,136,0,,
2025,NBA,Paul Reed,reedpa01,25,DET,C,14.15,563.6,12.52,45,0,438,72,142,0.507,8,28,0.286,64,114,0.561,0.535,32,42,0.762,40,83,123,44,39,25,26,75,184,0,,
2025,NBA,Spencer Dinwiddie,dinwisp01,31,CHA,"PG,SG",14.18,1805.3,22.85,79,30,2136,284,682,0.416,109,326,0.334,175,356,0.492,0.496,195,243,0.802,18,191,209,349,70,17,102,121,872,0,,
2025,NBA,Ben Sheppard,sheppbe01,23,IND,SG,14.29,805.9,12.79,63,9,1228,120,287,0.418,68,199,0.342,52,88,0.591,0.537,24,27,0.889,44,133,177,85,38,14,22,125,332,0,,
2025,NBA,Justin Champagnie,champju01,23,WAS,"SG,SF",14.38,1313.2,21.18,62,31,1340,210,411,0.511,74,193,0.383,136,218,0.624,0.601,50,73,0.685,112,239,351,60,65,39,54,110,544,0,,
2025,NBA,Jalen Smith,smithja04,24,CHI,"PF,C",14.46,1195.9,18.69,64,2,962,190,408,0.466,72,222,0.324,118,186,0.634,0.554,72,89,0.809,89,268,357,65,17,44,37,95,524,0,,
2025,NBA,Malcolm Brogdon,brogdma01,32,FA,"PG,SG",14.54,577.2,24.05,24,13,564,104,240,0.433,16,56,0.286,88,184,0.478,0.467,81,92,0.88,21,70,91,98,13,5,38,30,305,0,,
2025,NBA,Tristan Da Silva,dasiltr01,23,ORL,SF,14.55,1093.5,14.78,74,38,1629,199,483,0.412,80,239,0.335,119,244,0.488,0.495,55,63,0.873,73,172,245,113,33,18,56,94,533,0,,
2025,NBA,Isaiah Joe,joeis01,25,OKC,SG,14.62,1302.7,17.60,74,16,1604,259,588,0.44,192,466,0.412,67,122,0.549,0.604,46,56,0.821,41,155,196,119,48,9,38,113,756,0,,
2025,NBA,Julian Champagnie,champju02,23,SA,"SF,PF",14.63,1577.1,19.23,82,29,1932,276,665,0.415,178,480,0.371,98,185,0.53,0.549,85,94,0.904,67,251,318,111,61,35,74,114,815,0,,
2025,NBA,Julian Strawther,strawju01,22,DEN,SG,14.69,990.9,15.24,65,4,1384,210,486,0.432,94,269,0.349,116,217,0.535,0.529,74,90,0.822,17,125,142,83,39,16,57,151,588,0,,
2025,NBA,Noah Clowney,clownno01,20,BKN,PF,14.81,786.2,17.09,46,20,1042,133,372,0.358,87,261,0.333,46,111,0.414,0.474,67,80,0.838,43,138,181,40,24,21,46,105,420,0,,
2025,NBA,Dean Wade,wadede01,28,CLE,PF,14.89,896.8,15.20,59,30,1252,112,271,0.413,80,222,0.36,32,49,0.653,0.561,16,30,0.533,51,198,249,76,42,20,22,101,320,0,,
2025,NBA,Alec Burks,burksal01,33,FA,SG,14.89,663.3,13.54,49,14,863,115,271,0.424,88,207,0.425,27,64,0.422,0.587,38,49,0.776,15,109,124,55,28,7,29,37,356,0,,
2025,NBA,Brandon Clarke,clarkbr01,28,MEM,"PF,C",14.9,1247.2,19.49,64,18,1207,236,380,0.621,1,17,0.059,235,363,0.647,0.622,61,87,0.701,127,199,326,66,52,36,41,145,534,0,,
2025,NBA,Kelly Olynyk,olynyke01,33,SA,"PF,C",14.98,903.2,20.53,44,22,891,134,268,0.5,33,79,0.418,101,189,0.534,0.562,83,108,0.769,62,144,206,128,33,19,76,123,384,0,,
2025,NBA,Trayce Jackson-Davis,jackstr02,24,GS,C,15.02,1074.2,17.33,62,37,967,174,302,0.576,0,3,0,174,299,0.582,0.576,59,102,0.578,122,189,311,104,23,38,45,73,407,0,,
2025,NBA,Ben Simmons,simmobe01,28,FA,"PG,C",15.19,1053.7,20.66,51,24,1120,116,223,0.52,0,0,NA,116,223,0.52,0.52,24,33,0.727,47,194,241,285,38,23,102,107,256,0,,
2025,NBA,Mouhamed Gueye,gueyemo02,22,ATL,PF,15.23,572.3,17.34,33,28,533,72,171,0.421,21,81,0.259,51,90,0.567,0.482,32,42,0.762,44,95,139,27,28,33,15,55,197,0,,
2025,NBA,Jarred Vanderbilt,vandeja01,25,LAL,PF,15.27,532.9,14.80,36,2,581,59,121,0.488,9,32,0.281,50,89,0.562,0.525,20,36,0.556,68,114,182,41,35,10,29,67,147,0,,
2025,NBA,Haywood Highsmith,highsha01,28,MIA,SF,15.35,1209.4,16.34,74,42,1818,179,391,0.458,89,233,0.382,90,158,0.57,0.572,31,43,0.721,72,180,252,112,68,37,54,164,478,0,,
2025,NBA,Karlo Matkovic,matkoka01,23,NO,"PF,C",15.58,790.8,18.83,42,7,791,135,235,0.574,21,66,0.318,114,169,0.675,0.619,34,44,0.773,64,145,209,46,22,41,43,106,325,0,,
2025,NBA,Corey Kispert,kispeco01,25,WAS,"SG,SF",15.6,1132.7,18.57,61,0,1602,255,565,0.451,120,330,0.364,135,235,0.574,0.558,75,88,0.852,36,145,181,103,26,14,64,98,705,0,,
2025,NBA,Fred VanVleet,vanvlfr01,30,HOU,PG,15.61,1878.7,31.31,60,60,2111,287,759,0.378,159,461,0.345,128,298,0.43,0.483,111,137,0.81,32,189,221,333,94,25,87,140,844,0,,
2025,NBA,Isaac Okoro,okorois01,24,CHI,SG,15.7,716,13.02,55,22,1053,124,267,0.464,56,151,0.371,68,116,0.586,0.569,33,46,0.717,49,81,130,68,32,16,23,104,337,0,,
2025,NBA,Trey Lyles,lylestr01,29,FA,PF,15.72,1106.2,16.03,69,5,1349,157,374,0.42,81,238,0.34,76,136,0.559,0.528,56,80,0.7,80,236,316,82,41,23,39,86,451,0,,
2025,NBA,Talen Horton-Tucker,hortota01,24,FA,SG,15.75,679.5,11.72,58,0,724,133,291,0.457,41,122,0.336,92,169,0.544,0.527,72,98,0.735,19,81,100,83,21,11,40,59,379,0,,
2025,NBA,Marcus Sasser,sassema01,24,DET,PG,15.84,726.3,12.74,57,1,811,137,296,0.463,58,152,0.382,79,144,0.549,0.561,43,51,0.843,18,51,69,133,37,4,54,72,375,0,,
2025,NBA,Robert Williams III,williro04,27,POR,C,15.94,410.1,20.51,20,3,351,50,78,0.641,1,3,0.333,49,75,0.653,0.647,15,17,0.882,35,83,118,21,13,33,17,31,116,0,,
2025,NBA,Cody Martin,martico01,29,FA,"SG,SF",15.96,815.7,20.92,39,8,967,116,268,0.433,40,124,0.323,76,144,0.528,0.507,34,49,0.694,40,136,176,89,43,26,42,72,306,0,,
2025,NBA,Bogdan Bogdanovic,bogdabo01,32,LAC,SG,16.04,433.7,18.07,24,0,598,83,224,0.371,44,146,0.301,39,78,0.5,0.469,30,34,0.882,12,54,66,49,20,6,37,57,240,0,,
2025,NBA,Clint Capela,capelca01,30,HOU,C,16.06,1357.8,24.69,55,41,1176,218,390,0.559,0,1,0,218,389,0.56,0.559,52,97,0.536,174,295,469,62,34,53,47,106,488,0,,
2025,NBA,Max Strus,strusma01,28,CLE,"SG,SF",16.11,1028.4,20.57,50,37,1273,165,373,0.442,113,293,0.386,52,80,0.65,0.594,28,34,0.824,53,164,217,158,26,12,54,104,471,0,,
2025,NBA,Trendon Watford,watfotr01,24,PHI,"PF,C",16.16,848.5,19.28,44,6,913,164,350,0.469,29,88,0.33,135,262,0.515,0.51,93,122,0.762,37,123,160,115,27,12,83,95,450,0,,
2025,NBA,Kevon Looney,looneke01,28,NO,C,16.19,1285.4,16.91,76,6,1142,143,278,0.514,2,5,0.4,141,273,0.516,0.518,56,99,0.566,185,277,462,118,46,37,39,154,344,0,,
2025,NBA,Jusuf Nurkic,nurkiju01,30,UTA,C,16.23,1228.1,24.08,51,32,1063,168,352,0.477,32,105,0.305,136,247,0.551,0.523,85,128,0.664,85,313,398,115,40,34,97,130,453,0,,
2025,NBA,Terance Mann,mannte01,28,BKN,"SG,SF",16.26,544.4,18.15,30,1,682,118,218,0.541,34,88,0.386,84,130,0.646,0.619,24,36,0.667,36,56,92,62,19,4,22,60,294,0,,
2025,NBA,Jonathan Mogbo,mogbojo01,23,TOR,"PF,C",16.5,1178.2,18.70,63,18,1286,156,356,0.438,17,70,0.243,139,286,0.486,0.462,60,82,0.732,109,202,311,146,55,34,70,136,389,1,,
2025,NBA,A.J. Green,greenaj01,25,MIL,SG,16.53,1003.8,13.75,73,7,1659,182,424,0.429,155,363,0.427,27,61,0.443,0.612,22,27,0.815,18,156,174,108,37,7,40,157,541,0,,
2025,NBA,Luke Kennard,kennalu01,28,ATL,"PG,SG",16.57,1211.1,18.63,65,11,1472,206,431,0.478,113,261,0.433,93,170,0.547,0.609,51,57,0.895,37,146,183,215,50,5,72,59,576,0,,
2025,NBA,Vince Williams Jr.,willivi01,24,MEM,SG,16.59,403.1,14.93,27,5,499,67,167,0.401,26,95,0.274,41,72,0.569,0.479,19,24,0.792,22,76,98,55,12,7,33,45,179,0,,
2025,NBA,Isaiah Stewart,stewais01,23,DET,"PF,C",16.64,1417.3,19.68,72,4,1434,176,315,0.559,17,53,0.321,159,262,0.607,0.586,66,87,0.759,130,269,399,123,28,101,68,183,435,0,,
2025,NBA,Tre Jones,jonestr01,25,CHI,PG,16.7,863.2,18.77,46,9,905,128,238,0.538,19,48,0.396,109,190,0.574,0.578,55,67,0.821,31,85,116,192,37,10,35,55,330,0,,
2025,NBA,Jarace Walker,walkeja02,21,IND,PF,16.78,1059.8,14.13,75,5,1187,170,360,0.472,75,185,0.405,95,175,0.543,0.576,46,69,0.667,25,204,229,110,54,25,78,115,461,0,,
2025,NBA,Jaime Jaquez Jr.,jaqueja01,23,MIA,"SG,SF",16.8,1294,19.61,66,17,1368,213,462,0.461,37,119,0.311,176,343,0.513,0.501,107,142,0.754,84,206,290,166,61,14,98,81,570,1,,
2025,NBA,Steven Adams,adamsst01,31,HOU,C,16.88,812.4,14.01,58,3,794,91,167,0.545,0,2,0,91,165,0.552,0.545,43,93,0.462,166,161,327,66,22,28,54,60,225,0,,
2025,NBA,Tristan Vukcevic,vukcetr01,21,WAS,C,17.1,604.5,17.27,35,1,513,120,242,0.496,38,102,0.373,82,140,0.586,0.574,52,67,0.776,26,104,130,39,11,23,42,57,330,0,,
2025,NBA,Patrick Williams,willipa01,23,CHI,PF,17.1,1190.4,18.90,63,36,1576,205,516,0.397,96,272,0.353,109,244,0.447,0.49,60,83,0.723,43,194,237,124,48,32,86,88,566,0,,
2025,NBA,Luke Kornet,kornelu01,29,SA,C,17.12,1372.1,18.80,73,16,1361,187,280,0.668,0,3,0,187,277,0.675,0.668,67,97,0.691,190,198,388,117,36,71,31,119,441,0,,
2025,NBA,Jordan Goodwin,goodwjo01,26,PHO,PG,17.19,455.4,15.70,29,5,543,63,144,0.438,26,68,0.382,37,76,0.487,0.528,9,11,0.818,38,74,112,42,30,11,26,43,161,0,,
2025,NBA,Taurean Prince,princta02,30,MIL,SF,17.27,1423.9,17.80,80,73,2166,235,514,0.457,147,335,0.439,88,179,0.492,0.6,39,48,0.813,34,253,287,155,76,15,82,165,656,0,,
2025,NBA,Tim Hardaway Jr.,hardati02,32,DEN,SG,17.28,1335.1,17.34,77,77,2153,276,680,0.406,168,457,0.368,108,223,0.484,0.529,124,145,0.855,18,165,183,123,38,7,48,96,844,0,,
2025,NBA,Sam Merrill,merrisa01,28,CLE,SG,17.4,1025.4,19.8,71,4,1401,172,424,0.406,137,368,0.372,35,56,0.625,0.567,28,29,0.966,38,119,157,108,53,14,35,124,509,0,,
2025,NBA,Jared McCain,mccaija01,20,PHI,"PG,SG",17.44,517.2,22.49,23,8,592,126,274,0.46,51,133,0.383,75,141,0.532,0.553,49,56,0.875,13,43,56,60,15,0,37,37,352,0,,
2025,NBA,Dalano Banton,bantoda01,25,FA,PG,17.45,1106,16.51,67,7,1120,198,507,0.391,72,222,0.324,126,285,0.442,0.462,91,125,0.728,30,105,135,160,43,34,86,58,559,0,,
2025,NBA,Ryan Rollins,rolliry01,22,MIL,PG,17.56,758.6,19.8,56,19,820,132,271,0.487,49,120,0.408,83,151,0.55,0.577,36,45,0.8,21,87,108,104,42,17,53,88,349,0,,
2025,NBA,Jonathan Isaac,isaacjo01,27,ORL,PF,17.61,1206.8,17.00,71,1,1090,134,324,0.414,39,151,0.258,95,173,0.549,0.474,73,107,0.682,120,194,314,40,61,80,33,90,380,0,,
2025,NBA,Nick Richards,richani01,27,PHO,C,17.74,1287.7,22.59,57,43,1256,205,347,0.591,0,2,0,205,345,0.594,0.591,119,160,0.744,148,318,466,49,14,55,81,141,529,0,,
2025,NBA,Peyton Watson,watsope01,22,DEN,"SF,PF",17.83,1338.6,19.69,68,18,1656,204,428,0.477,48,136,0.353,156,292,0.534,0.533,95,137,0.693,47,186,233,94,48,93,56,123,551,0,,
2025,NBA,Nickeil Alexander-Walker,alexani01,26,ATL,"SG,SF",17.86,1578.5,19.25,82,10,2073,270,616,0.438,141,370,0.381,129,246,0.524,0.553,92,118,0.78,54,211,265,223,50,34,99,139,773,0,,
2025,NBA,Derrick Jones Jr.,jonesde02,27,LAC,"SF,PF",17.87,1456.6,18.92,77,55,1873,310,589,0.526,78,219,0.356,232,370,0.627,0.593,83,118,0.703,93,170,263,60,79,33,66,153,781,0,,
2025,NBA,Dorian Finney-Smith,finnedo01,31,HOU,PF,17.93,435.7,21.79,20,20,579,73,159,0.459,47,108,0.435,26,51,0.51,0.607,15,24,0.625,31,60,91,31,18,12,18,54,208,0,,
2025,NBA,Goga Bitadze,bitadgo01,25,ORL,C,17.94,1632.1,23.32,70,42,1430,207,339,0.611,3,28,0.107,204,311,0.656,0.615,85,133,0.639,167,296,463,137,49,98,72,150,502,0,,
2025,NBA,Moses Moody,moodymo01,22,GS,SG,18.11,1310.8,17.71,74,34,1649,246,568,0.433,126,337,0.374,120,231,0.519,0.544,106,133,0.797,52,137,189,96,59,31,54,116,724,0,,
2025,NBA,Jose Alvarado,alvarjo01,26,NO,PG,18.17,1308.7,23.37,56,23,1366,204,521,0.392,111,309,0.359,93,212,0.439,0.498,60,74,0.811,27,109,136,259,74,14,86,91,579,0,,
2025,NBA,Tyus Jones,jonesty01,28,ORL,PG,18.23,1847.7,22.81,81,58,2174,306,683,0.448,166,401,0.414,140,282,0.496,0.57,51,57,0.895,40,156,196,429,69,8,91,63,829,0,,
2025,NBA,Brook Lopez,lopezbr01,36,LAC,C,18.29,2246.7,28.08,80,80,2546,394,774,0.509,139,373,0.373,255,401,0.636,0.599,114,138,0.826,113,288,401,143,50,148,84,171,1041,0,,
2025,NBA,Alex Caruso,carusal01,30,OKC,"SG,SF",18.37,1092.3,20.23,54,3,1041,140,314,0.446,60,170,0.353,80,144,0.556,0.541,42,51,0.824,38,121,159,137,87,30,37,102,382,0,,
2025,NBA,Jake LaRavia,laravja01,23,LAL,PF,18.41,263.3,13.86,19,0,367,42,96,0.438,20,52,0.385,22,44,0.5,0.542,11,19,0.579,23,31,54,25,18,3,17,40,115,0,,
2025,NBA,Jonas Valanciunas,valanjo01,32,DEN,C,18.44,1970.4,24.33,81,21,1524,345,627,0.55,8,37,0.216,337,590,0.571,0.557,145,165,0.879,190,437,627,164,37,46,120,181,843,0,,
2025,NBA,Kentavious Caldwell-Pope,caldwke01,31,MEM,"SG,SF",18.51,1416.8,18.40,77,77,2279,239,544,0.439,113,330,0.342,126,214,0.589,0.543,82,95,0.863,33,136,169,136,99,34,62,136,673,0,,
2025,NBA,Guerschon Yabusele,yabusgu01,29,NY,"PF,C",18.59,1623,23.19,70,43,1895,282,563,0.501,104,274,0.38,178,289,0.616,0.593,100,138,0.725,134,261,395,148,58,24,87,164,768,0,,
2025,NBA,Luka Garza,garzalu01,26,BOS,C,18.63,234.3,6.01,39,0,219,52,105,0.495,10,36,0.278,42,69,0.609,0.543,24,35,0.686,31,23,54,11,6,3,12,29,138,0,,
2025,NBA,Gradey Dick,dickgr01,21,TOR,"SG,SF",18.65,1246.6,23.09,54,54,1587,265,647,0.41,114,326,0.35,151,321,0.47,0.498,133,155,0.858,44,149,193,98,48,10,83,120,777,0,,
2025,NBA,Jordan Hawkins,hawkijo01,22,NO,SG,18.66,993.6,17.74,56,9,1321,207,556,0.372,110,332,0.331,97,224,0.433,0.471,80,98,0.816,25,133,158,66,30,23,58,51,604,0,,
2025,NBA,Khris Middleton,middlkh01,33,WAS,SF,18.7,902.4,24.39,37,21,843,160,337,0.475,48,133,0.361,112,204,0.549,0.546,72,84,0.857,13,124,137,150,35,8,56,75,440,0,,
2025,NBA,Reed Sheppard,sheppre01,20,HOU,PG,18.78,554.1,10.66,52,3,654,84,239,0.351,48,142,0.338,36,97,0.371,0.452,13,16,0.813,16,62,78,75,35,17,37,53,229,0,,
2025,NBA,Buddy Hield,hieldbu01,32,GS,"SG,SF",18.98,1614.8,19.69,82,22,1863,328,786,0.417,203,549,0.37,125,237,0.527,0.546,53,64,0.828,51,213,264,134,69,23,91,132,912,0,,
2025,NBA,Grayson Allen,allengr01,29,PHO,"PG,SG,SF",19.04,1262.3,19.72,64,7,1544,219,489,0.448,149,350,0.426,70,139,0.504,0.6,93,114,0.816,34,160,194,137,54,19,75,95,680,0,,
2025,NBA,Kyrie Irving,irvinky01,32,DAL,"PG,SG",19.13,2024.5,40.49,50,50,1804,447,945,0.473,144,359,0.401,303,586,0.517,0.549,196,214,0.916,60,180,240,231,66,23,111,101,1234,0,,
2025,NBA,Harrison Barnes,barneha02,32,SA,"SF,PF",19.16,1696,20.68,82,82,2230,347,683,0.508,156,360,0.433,191,323,0.591,0.622,161,199,0.809,97,213,310,136,39,14,50,75,1011,0,,
2025,NBA,Duncan Robinson,robindu01,30,DET,"SG,SF",19.32,1333.4,18.02,74,37,1785,290,663,0.437,190,483,0.393,100,180,0.556,0.581,47,53,0.887,18,149,167,176,40,6,86,135,817,0,,
2025,NBA,Zach Collins,colliza01,27,CHI,PF,19.43,1033.1,16.14,64,12,977,153,302,0.507,32,106,0.302,121,196,0.617,0.56,69,78,0.885,102,186,288,111,29,29,60,132,407,0,,
2025,NBA,Ty Jerome,jeromty01,27,MEM,"PG,SG",19.46,1592.1,22.74,70,3,1392,319,618,0.516,111,253,0.439,208,365,0.57,0.606,129,148,0.872,50,123,173,237,78,3,92,102,878,0,,
2025,NBA,Precious Achiuwa,achiupr01,25,FA,"PF,C",19.57,1063.9,18.66,57,10,1170,164,327,0.502,10,36,0.278,154,291,0.529,0.517,41,69,0.594,101,216,317,55,47,42,45,81,379,0,,
2025,NBA,Brice Sensabaugh,sensabr01,21,UTA,SF,19.68,1244,17.52,71,15,1432,275,599,0.459,157,372,0.422,118,227,0.52,0.59,65,73,0.89,42,168,210,110,46,8,107,111,772,0,,
2025,NBA,Anthony Black,blackan01,21,ORL,"PG,SG",19.74,1635,20.96,78,10,1887,262,620,0.423,62,195,0.318,200,425,0.471,0.473,150,197,0.761,52,178,230,240,86,48,139,166,736,0,,
2025,NBA,Moritz Wagner,wagnemo01,27,ORL,C,19.75,685.6,22.85,30,1,564,140,249,0.562,27,75,0.36,113,174,0.649,0.616,79,110,0.718,40,108,148,42,24,12,49,55,386,0,,
2025,NBA,Aaron Wiggins,wiggiaa01,26,OKC,"SG,SF",19.8,1634,21.50,76,26,1744,355,728,0.488,130,339,0.383,225,389,0.578,0.577,74,89,0.831,81,214,295,134,60,18,69,101,914,0,,
2025,NBA,Kevin Huerter,huertke01,26,FA,"SG,SF",19.95,1361,19.72,69,31,1679,257,604,0.425,132,391,0.338,125,213,0.587,0.535,35,49,0.714,30,175,205,156,66,23,67,121,681,0,,
2025,NBA,Chris Boucher,bouchch01,32,BOS,"PF,C",19.99,938.3,18.77,50,0,862,182,370,0.492,70,193,0.363,112,177,0.633,0.586,68,87,0.782,70,154,224,33,24,25,29,68,502,0,,
2025,NBA,Bruce Brown,brownbr01,28,DEN,PG,20.02,315.6,17.53,18,0,353,57,131,0.435,11,36,0.306,46,95,0.484,0.477,26,29,0.897,17,51,68,28,17,3,19,26,151,0,,
2025,NBA,Jayson Tatum,tatumja01,26,BOS,"SF,PF",20.06,3459.1,48.04,72,72,2624,662,1465,0.452,250,728,0.343,412,737,0.559,0.537,358,440,0.814,48,575,623,431,76,38,209,157,1932,2,,
2025,NBA,Day'Ron Sharpe,sharpda01,23,BKN,C,20.12,1115.5,22.31,50,2,907,165,317,0.521,11,45,0.244,154,272,0.566,0.538,56,74,0.757,149,181,330,91,41,42,63,113,397,0,,
2025,NBA,Miles McBride,mcbrimi01,24,NY,"PG,SG",20.13,1295.7,20.25,64,10,1593,222,547,0.406,115,312,0.369,107,235,0.455,0.511,52,64,0.813,47,114,161,187,67,17,41,108,611,0,,
2025,NBA,Adem Bona,bonaad01,21,PHI,C,20.23,895.5,15.44,58,11,905,135,192,0.703,0,1,0,135,191,0.707,0.703,67,100,0.67,92,153,245,27,26,69,61,125,337,0,,
2025,NBA,Mason Plumlee,plumlma01,34,CHA,C,20.27,1261,17.04,74,21,1300,125,202,0.619,0,4,0,125,198,0.631,0.619,83,128,0.648,116,339,455,134,33,47,59,154,333,0,,
2025,NBA,Naji Marshall,marshna01,27,DAL,"SG,SF,PF",20.3,1750.6,25.37,69,31,1919,362,712,0.508,60,218,0.275,302,494,0.611,0.551,130,160,0.813,76,252,328,208,70,11,112,109,914,0,,
2025,NBA,Ziaire Williams,willizi02,23,BKN,"SG,SF",20.44,1305.4,20.72,63,45,1541,214,520,0.412,103,302,0.341,111,218,0.509,0.511,101,123,0.821,61,226,287,84,62,28,67,149,632,0,,
2025,NBA,Mike Conley,conlemi01,37,MIN,PG,20.45,1482.9,20.89,71,64,1756,187,468,0.4,127,310,0.41,60,158,0.38,0.535,81,90,0.9,32,150,182,319,79,14,75,111,582,0,,
2025,NBA,Royce O'Neale,onealro01,31,PHO,"SF,PF",20.57,1581.3,19.8,75,22,1837,241,570,0.423,179,441,0.406,62,129,0.481,0.58,19,26,0.731,53,296,349,163,67,34,65,151,680,0,,
2025,NBA,Sam Hauser,hausesa01,27,BOS,PF,20.64,1108.8,19.8,71,19,1541,214,474,0.451,166,399,0.416,48,75,0.64,0.627,11,11,1,44,180,224,64,41,13,23,87,605,0,,
2025,NBA,Jordan Clarkson,clarkjo01,32,NY,"SG,SF",20.66,982.6,26.56,37,9,962,201,493,0.408,84,232,0.362,117,261,0.448,0.493,114,143,0.797,25,93,118,138,31,9,86,52,600,0,,
2025,NBA,Jay Huff,huffja01,26,IND,C,20.87,832.8,13.01,64,2,748,157,305,0.515,81,200,0.405,76,105,0.724,0.648,44,56,0.786,30,99,129,38,16,56,34,78,439,0,,
2025,NBA,Dennis Schroder,schrode01,31,SAC,"PG,SG",20.9,1915.6,25.54,75,49,2105,336,827,0.406,127,371,0.342,209,456,0.458,0.483,181,216,0.838,27,171,198,404,66,12,142,180,980,0,,
2025,NBA,Luguentz Dort,dortlu01,25,OKC,"SG,SF",20.99,1546.1,21.78,71,71,2073,258,593,0.435,170,413,0.412,88,180,0.489,0.578,33,46,0.717,89,204,293,115,79,39,51,208,719,0,,
2025,NBA,Kris Dunn,dunnkr01,30,LAC,"PG,SG",21.05,1481.2,20.02,74,58,1783,192,437,0.439,75,224,0.335,117,213,0.549,0.525,15,22,0.682,53,198,251,210,128,27,74,197,474,0,,
2025,NBA,Gary Trent Jr.,trentga02,26,MIL,"PG,SG,SF",21.1,1342.1,18.14,74,9,1893,283,657,0.431,180,433,0.416,103,224,0.46,0.568,78,92,0.848,20,148,168,87,72,4,42,124,824,0,,
2025,NBA,Mitchell Robinson,robinmi01,26,NY,C,21.21,319.7,18.81,17,3,290,37,56,0.661,0,0,NA,37,56,0.661,0.661,13,19,0.684,52,49,101,13,16,18,10,26,87,0,,
2025,NBA,Keldon Johnson,johnske04,25,SA,"SG,SF,PF",21.28,1747.7,22.70,77,0,1838,371,770,0.482,87,274,0.318,284,496,0.573,0.538,150,194,0.773,112,259,371,125,49,22,77,115,979,0,,
2025,NBA,Quentin Grimes,grimequ01,24,PHI,"SG,SF",21.34,1969.8,26.26,75,37,2013,384,823,0.467,162,421,0.385,222,402,0.552,0.565,162,214,0.757,59,265,324,228,74,22,141,138,1092,0,,
2025,NBA,Lonzo Ball,balllo01,27,CLE,"PG,SG",21.46,732.1,20.92,35,14,777,89,243,0.366,67,195,0.344,22,48,0.458,0.504,22,27,0.815,25,93,118,115,47,17,41,55,267,0,,
2025,NBA,Keon Ellis,elliske01,25,SAC,"PG,SG,SF",21.72,1581.4,19.77,80,28,1948,227,464,0.489,139,321,0.433,88,143,0.615,0.639,73,86,0.849,60,152,212,120,121,63,71,176,666,0,,
2025,NBA,Scotty Pippen Jr.,pippesc02,24,MEM,"PG,SG",21.74,1871.3,19.8,79,21,1683,285,594,0.48,87,219,0.397,198,375,0.528,0.553,122,171,0.713,65,194,259,347,103,30,138,203,779,1,,
2025,NBA,Al Horford,horfoal01,38,GS,"PF,C",21.74,1387.8,23.13,60,42,1659,195,461,0.423,114,314,0.363,81,147,0.551,0.547,34,38,0.895,79,290,369,128,36,51,46,81,538,0,,
2025,NBA,Dillon Brooks,brookdi01,29,PHO,"SG,SF,PF",21.76,1727,23.03,75,75,2388,384,895,0.429,186,469,0.397,198,426,0.465,0.533,99,121,0.818,75,200,275,128,60,16,76,242,1053,0,,
2025,NBA,Zaccharie Risacher,risacza01,19,ATL,"SF,PF",21.8,1576.6,21.02,75,73,1843,357,779,0.458,122,344,0.355,235,435,0.54,0.537,106,149,0.711,86,182,268,92,52,37,92,149,942,0,,
2025,NBA,Cason Wallace,wallaca01,21,OKC,"PG,SG",21.9,1508.3,22.18,68,43,1876,232,489,0.474,74,208,0.356,158,281,0.562,0.55,30,37,0.811,71,158,229,173,120,35,59,145,568,0,,
2025,NBA,Nikola Jovic,jovicni01,21,MIA,"PF,C",21.96,999.5,21.73,46,10,1156,172,377,0.456,78,210,0.371,94,167,0.563,0.56,72,87,0.828,26,154,180,131,38,13,60,82,494,0,,
2025,NBA,Jeremy Sochan,sochaje01,21,SA,"SF,PF,C",21.97,1363.4,25.25,54,23,1364,251,469,0.535,28,91,0.308,223,378,0.59,0.565,87,125,0.696,127,225,352,128,45,27,84,131,617,0,,
2025,NBA,Cam Whitmore,whitmca01,20,WAS,SF,21.99,817.7,16.03,51,3,827,179,403,0.444,65,183,0.355,114,220,0.518,0.525,54,72,0.75,36,115,151,49,31,13,46,44,477,0,,
2025,NBA,Andre Drummond,drumman01,31,PHI,C,22.48,832,20.80,40,23,751,117,234,0.5,3,20,0.15,114,214,0.533,0.506,56,90,0.622,109,201,310,34,39,18,55,94,293,0,,
2025,NBA,De'Andre Hunter,huntede01,27,CLE,"SF,PF",22.5,1642.6,25.67,64,9,1740,358,762,0.47,157,388,0.405,201,374,0.537,0.573,215,254,0.846,44,214,258,92,50,13,82,155,1088,0,,
2025,NBA,Marcus Smart,smartma01,30,LAL,"PG,SG",22.6,644.9,18.97,34,7,680,101,257,0.393,49,141,0.348,52,116,0.448,0.488,54,71,0.761,18,54,72,109,39,9,54,53,305,0,,
2025,NBA,Jaylen Wells,wellsja01,21,MEM,SF,22.86,1434.1,18.15,79,74,2043,287,676,0.425,138,392,0.352,149,284,0.525,0.527,111,135,0.822,87,181,268,135,44,8,69,146,823,0,,
2025,NBA,Wendell Carter Jr.,cartewe01,25,ORL,"PF,C",23.05,1611.4,23.70,68,51,1758,226,491,0.46,37,158,0.234,189,333,0.568,0.498,129,175,0.737,151,341,492,134,52,41,77,199,618,0,,
2025,NBA,Cole Anthony,anthoco01,24,MIL,PG,23.07,1289.3,19.24,67,22,1234,230,543,0.424,77,218,0.353,153,325,0.471,0.494,93,113,0.823,46,158,204,191,45,32,103,151,630,0,,
2025,NBA,Rui Hachimura,hachiru01,26,LAL,"SF,PF",23.39,1417.5,19.8,59,57,1869,293,576,0.509,102,247,0.413,191,329,0.581,0.597,87,113,0.77,79,216,295,83,45,26,49,105,775,0,,
2025,NBA,Chris Paul,paulch01,39,LAC,PG,23.5,2231.7,27.22,82,82,2292,249,583,0.427,140,371,0.377,109,212,0.514,0.547,85,92,0.924,33,263,296,605,103,22,129,151,723,0,,
2025,NBA,Ryan Dunn,dunnry01,22,PHO,SF,23.56,1128.9,19.8,74,44,1410,205,477,0.43,82,264,0.311,123,213,0.577,0.516,19,39,0.487,92,175,267,57,44,40,40,162,511,0,,
2025,NBA,Paul George,georgpa01,34,PHI,"SG,SF,PF",23.61,1373.8,33.51,41,41,1334,245,570,0.43,96,268,0.358,149,302,0.493,0.514,79,97,0.814,24,195,219,178,75,20,106,101,665,0,,
2025,NBA,Isaiah Collier,colliis01,20,UTA,"PG,SG",23.7,1604,22.59,71,46,1839,234,555,0.422,42,169,0.249,192,386,0.497,0.459,105,154,0.682,32,203,235,446,66,16,208,149,615,0,,
2025,NBA,Klay Thompson,thompkl01,34,DAL,"SG,SF",23.83,1669.7,23.19,72,72,1965,361,877,0.412,216,553,0.391,145,324,0.448,0.535,67,74,0.905,44,202,246,145,50,30,88,81,1005,0,,
2025,NBA,Taylor Hendricks,hendrta01,21,UTA,PF,24.22,60,20.00,3,3,75,4,18,0.222,3,12,0.25,1,6,0.167,0.306,3,4,0.75,5,10,15,2,5,4,2,8,14,0,,
2025,NBA,Obi Toppin,toppiob01,26,IND,PF,24.29,1560.6,19.75,79,4,1545,317,599,0.529,110,301,0.365,207,298,0.695,0.621,89,114,0.781,56,262,318,128,46,28,68,108,833,0,,
2025,NBA,Ayo Dosunmu,dosunay01,25,CHI,"PG,SG,SF",24.33,1185.2,25.77,46,26,1394,221,449,0.492,62,189,0.328,159,260,0.612,0.561,62,79,0.785,26,135,161,208,43,18,69,105,566,1,,
2025,NBA,Dejounte Murray,murrade01,28,NO,"PG,SG",24.4,1243,40.10,31,31,1012,194,494,0.393,52,174,0.299,142,320,0.444,0.445,102,124,0.823,17,183,200,228,63,12,106,61,542,1,,
2025,NBA,Jerami Grant,grantje01,30,POR,"SF,PF",24.54,1220.1,25.96,47,47,1524,214,574,0.373,108,296,0.365,106,278,0.381,0.467,141,166,0.849,26,137,163,101,41,46,65,109,677,0,,
2025,NBA,Kyle Kuzma,kuzmaky01,29,MIL,"SF,PF",24.6,1655,25.46,65,62,1936,370,848,0.436,96,313,0.307,274,535,0.512,0.493,128,202,0.634,54,316,370,152,36,19,146,119,964,0,,
2025,NBA,Aaron Nesmith,nesmiaa01,25,IND,"SF,PF",24.78,954.6,21.21,45,37,1123,192,379,0.507,84,195,0.431,108,184,0.587,0.617,73,80,0.913,37,141,178,54,35,17,37,114,541,0,,
2025,NBA,Daniel Gafford,gaffoda01,26,DAL,"PF,C",24.79,1595.6,27.99,57,31,1226,283,403,0.702,0,0,NA,283,403,0.702,0.702,135,196,0.689,155,233,388,80,23,102,66,152,701,0,,
2025,NBA,Herbert Jones,joneshe01,26,NO,SF,24.8,1561.8,23.66,66,66,1951,235,501,0.469,56,167,0.335,179,334,0.536,0.525,123,161,0.764,97,172,269,162,103,42,88,208,649,0,,
2025,NBA,Norman Powell,powelno01,31,MIA,"SG,SF",24.89,1859.5,30.99,60,60,1958,457,945,0.484,179,428,0.418,278,517,0.538,0.578,213,265,0.804,21,169,190,125,73,9,108,114,1306,0,,
2025,NBA,Neemias Queta,quetane01,25,BOS,C,24.95,800.7,12.91,62,6,863,132,203,0.65,0,3,0,132,200,0.66,0.65,46,61,0.754,89,147,236,45,18,42,40,106,310,0,,
2025,NBA,P.J. Washington,washipj01,26,DAL,"SF,PF",24.97,1813.9,31.82,57,56,1835,301,665,0.453,91,239,0.381,210,426,0.493,0.521,143,198,0.722,82,360,442,131,63,60,118,131,836,0,,
2025,NBA,Lauri Markkanen,markkla01,27,UTA,"SF,PF",24.99,1414.6,30.10,47,47,1476,296,700,0.423,138,399,0.346,158,301,0.525,0.521,162,185,0.876,72,206,278,70,33,17,66,79,892,0,,
2025,NBA,Collin Sexton,sextoco01,26,CHA,"PG,SG",25.11,1759.2,27.92,63,61,1758,416,867,0.48,110,271,0.406,306,596,0.513,0.543,217,251,0.865,60,111,171,264,47,6,160,144,1159,0,,
2025,NBA,Yves Missi,missiyv01,20,NO,C,25.15,1857.7,25.45,73,67,1956,269,492,0.547,0,1,0,269,491,0.548,0.547,127,204,0.623,255,346,601,99,37,98,82,145,665,0,,
2025,NBA,Keyonte George,georgke01,21,UTA,"PG,SG",25.35,1976.1,29.49,67,35,2109,359,919,0.391,174,507,0.343,185,412,0.449,0.485,233,285,0.818,26,227,253,377,46,9,183,111,1125,0,,
2025,NBA,Caris LeVert,leverca01,30,DET,"SG,SF",25.58,1536.1,24.00,64,3,1596,280,599,0.467,106,284,0.373,174,315,0.552,0.556,110,155,0.71,41,162,203,215,57,33,76,99,776,0,,
2025,NBA,Donte DiVincenzo,divindo01,28,MIN,"PG,SG,SF",25.61,1505.1,24.28,62,10,1606,250,593,0.422,174,438,0.397,76,155,0.49,0.568,49,63,0.778,32,196,228,225,73,17,99,114,723,0,,
2025,NBA,Jaden McDaniels,mcdanja02,24,MIN,"SF,PF",25.71,2265.5,27.63,82,82,2614,398,834,0.477,100,303,0.33,298,531,0.561,0.537,104,128,0.813,129,341,470,163,110,74,95,225,1000,0,,
2025,NBA,Kyle Filipowski,filipky01,21,UTA,"PF,C",25.72,1536,21.33,72,27,1522,260,518,0.502,77,220,0.35,183,298,0.614,0.576,93,143,0.65,112,328,440,140,48,22,102,171,690,0,,
2025,NBA,Scoot Henderson,hendesc01,20,POR,PG,25.79,1643.1,19.8,66,10,1759,287,685,0.419,105,297,0.354,182,388,0.469,0.496,158,206,0.767,52,146,198,335,68,13,177,181,837,0,,
2025,NBA,Jabari Smith Jr.,smithja05,21,HOU,"PF,C",25.83,1403.8,24.63,57,39,1716,248,566,0.438,98,277,0.354,150,289,0.519,0.525,104,126,0.825,105,294,399,60,25,41,61,123,698,0,,
2025,NBA,Davion Mitchell,mitchda01,26,MIA,"PG,SG",25.85,744.4,24.81,30,15,947,117,232,0.504,42,94,0.447,75,138,0.543,0.595,33,47,0.702,19,63,82,160,41,8,50,69,309,0,,
2025,NBA,Jonathan Kuminga,kuminjo01,22,GS,"SF,PF",26.08,1241.4,26.41,47,10,1144,258,568,0.454,46,151,0.305,212,417,0.508,0.495,157,235,0.668,56,161,217,104,38,21,71,90,719,0,,
2025,NBA,Mark Williams,willima07,23,PHO,C,26.14,1557.9,35.41,44,41,1171,270,447,0.604,0,4,0,270,443,0.609,0.604,131,163,0.804,132,315,447,109,32,54,71,105,671,0,,
2025,NBA,Jrue Holiday,holidjr01,34,POR,"PG,SG",26.17,1564.5,25.23,62,62,1896,254,573,0.443,108,306,0.353,146,267,0.547,0.538,70,77,0.909,76,189,265,239,66,27,77,101,686,0,,
2025,NBA,Andrew Nembhard,nembhan01,25,IND,"PG,SG",26.45,1559.2,23.99,65,65,1881,247,539,0.458,51,175,0.291,196,364,0.538,0.506,108,136,0.794,34,182,216,326,79,11,112,149,653,0,,
2025,NBA,Anfernee Simons,simonan01,25,BOS,"PG,SG",26.55,2132.3,30.46,70,70,2292,479,1125,0.426,215,593,0.363,264,532,0.496,0.521,175,194,0.902,25,164,189,337,60,5,143,117,1348,0,,
2025,NBA,Bub Carrington,carrica01,19,WAS,"PG,SG",26.67,1846.2,22.51,82,57,2458,300,748,0.401,138,407,0.339,162,341,0.475,0.493,69,85,0.812,33,308,341,364,54,21,141,190,807,0,,
2025,NBA,Bennedict Mathurin,mathube01,22,IND,"SG,SF",26.73,1897.6,26.36,72,49,2149,391,853,0.458,98,288,0.34,293,565,0.519,0.516,276,332,0.831,87,296,383,136,47,24,135,162,1156,0,,
2025,NBA,T.J. McConnell,mccontj01,32,IND,PG,26.76,1681.1,21.28,79,1,1415,324,624,0.519,15,49,0.306,309,575,0.537,0.531,57,77,0.74,44,149,193,351,83,21,109,79,720,0,,
2025,NBA,Matas Buzelis,buzelma01,20,CHI,SF,26.81,1378.1,17.23,80,31,1511,252,555,0.454,96,266,0.361,156,289,0.54,0.541,88,108,0.815,55,223,278,79,29,75,74,128,688,0,,
2025,NBA,Kyshawn George,georgky01,21,WAS,"SG,SF",26.91,1442.5,21.21,68,38,1802,203,546,0.372,114,354,0.322,89,192,0.464,0.476,70,93,0.753,49,236,285,169,68,50,97,201,590,0,,
2025,NBA,Keegan Murray,murrake02,24,SAC,"SF,PF",26.93,2043.9,26.89,76,76,2610,364,820,0.444,154,449,0.343,210,371,0.566,0.538,60,72,0.833,146,361,507,109,61,69,60,186,942,0,,
2025,NBA,Dereck Lively II,livelde01,20,DAL,C,26.95,952.5,26.46,36,29,833,134,191,0.702,0,0,NA,134,191,0.702,0.702,46,73,0.63,104,166,270,85,20,56,41,100,314,0,,
2025,NBA,Kristaps Porzingis,porzikr01,29,ATL,"PF,C",27.19,1518.3,36.15,42,42,1210,277,574,0.483,103,250,0.412,174,324,0.537,0.572,161,199,0.809,68,216,284,87,31,63,53,116,818,0,,
2025,NBA,Isaiah Jackson,jacksis01,23,IND,C,27.29,104.1,20.82,5,1,84,14,23,0.609,0,0,NA,14,23,0.609,0.609,7,14,0.5,11,17,28,5,3,8,5,14,35,0,,
2025,NBA,Russell Westbrook,westbru01,36,FA,"PG,SG",27.34,2310.5,19.8,75,36,2092,373,831,0.449,94,291,0.323,279,540,0.517,0.505,154,233,0.661,102,268,370,457,106,37,242,188,994,4,,
2025,NBA,Aaron Gordon,gordoaa01,29,DEN,"PF,C",27.36,1328.4,26.05,51,42,1447,264,497,0.531,75,172,0.436,189,325,0.582,0.607,145,179,0.81,80,167,247,164,23,14,73,82,748,0,,
2025,NBA,Tari Eason,easonta01,23,HOU,"SF,PF",27.37,1620.9,28.44,57,16,1420,272,559,0.487,63,184,0.342,209,375,0.557,0.543,79,104,0.76,128,234,362,83,97,50,65,136,686,0,,
2025,NBA,Kel'el Ware,wareke01,20,MIA,"PF,C",27.37,1525.6,23.84,64,36,1422,257,464,0.554,35,111,0.315,222,353,0.629,0.592,46,67,0.687,116,357,473,60,39,71,57,111,595,0,,
2025,NBA,Malik Monk,monkma01,26,SAC,"PG,SG,SF",27.5,2092,32.18,65,45,2054,412,939,0.439,139,428,0.325,273,511,0.534,0.513,154,178,0.865,30,215,245,362,61,38,159,158,1117,0,,
2025,NBA,Brandin Podziemski,podzibr01,21,GS,"PG,SG",27.67,1638,25.59,64,33,1716,280,629,0.445,115,309,0.372,165,320,0.516,0.537,72,95,0.758,65,260,325,220,69,13,75,95,747,0,,
2025,NBA,Bilal Coulibaly,coulibi01,20,WAS,"SG,SF",27.83,1610.3,27.29,59,59,1948,263,624,0.421,63,224,0.281,200,400,0.5,0.472,138,185,0.746,91,203,294,199,78,41,125,139,727,1,,
2025,NBA,Bradley Beal,bealbr01,31,LAC,"PG,SG,SF",27.91,1565.9,29.55,53,38,1702,345,694,0.497,102,264,0.386,243,430,0.565,0.571,110,137,0.803,34,143,177,195,58,28,99,136,902,0,,
2025,NBA,Toumani Camara,camarto01,24,POR,"SG,SF,PF",27.92,2073.5,26.58,78,78,2548,328,716,0.458,135,360,0.375,193,356,0.542,0.552,91,126,0.722,173,277,450,175,116,50,109,230,882,0,,
2025,NBA,Jalen Suggs,suggsja01,23,ORL,"PG,SG",27.93,1079.7,30.85,35,35,1002,197,481,0.41,76,242,0.314,121,239,0.506,0.489,97,110,0.882,23,118,141,129,51,33,102,98,567,0,,
2025,NBA,Cameron Johnson,johnsca02,28,DEN,"SF,PF",27.93,1792.4,31.45,57,57,1800,355,747,0.475,159,408,0.39,196,339,0.578,0.582,201,225,0.893,54,193,247,194,53,25,99,104,1070,0,,
2025,NBA,Bobby Portis,portibo01,29,MIL,"PF,C",27.93,1455.2,29.70,49,7,1244,277,595,0.466,65,178,0.365,212,417,0.508,0.52,61,73,0.836,90,321,411,104,35,26,57,94,680,0,,
2025,NBA,Santi Aldama,aldamsa01,24,MEM,"PF,C",28,1764.2,19.8,65,16,1660,313,648,0.483,120,326,0.368,193,322,0.599,0.576,65,94,0.691,94,322,416,188,52,29,71,76,811,0,,
2025,NBA,Onyeka Okongwu,okongon01,24,ATL,"PF,C",28.16,2353,31.80,74,40,2064,388,684,0.567,48,148,0.324,340,536,0.634,0.602,164,216,0.759,220,440,660,168,69,68,90,193,988,0,,
2025,NBA,Stephon Castle,castlst01,20,SA,"PG,SG",28.21,2155.4,26.61,81,47,2162,423,988,0.428,95,333,0.285,328,655,0.501,0.476,249,344,0.724,89,208,297,332,74,22,177,164,1190,0,,
2025,NBA,Mikal Bridges,bridgmi01,28,NY,"SG,SF,PF",28.27,2435.8,29.70,82,82,3036,592,1183,0.5,164,463,0.354,428,720,0.594,0.57,96,118,0.814,71,188,259,306,75,43,132,127,1444,0,,
2025,NBA,Draymond Green,greendr01,34,GS,"PF,C",28.49,2017.3,29.67,68,66,1983,216,509,0.424,80,246,0.325,136,263,0.517,0.503,101,147,0.687,74,340,414,383,99,70,174,219,613,1,,
2025,NBA,Kelly Oubre Jr.,oubreke01,29,PHI,"SG,SF",28.56,1795.6,29.93,60,57,2078,348,741,0.47,71,242,0.293,277,499,0.555,0.518,139,185,0.751,97,271,368,108,92,30,80,180,906,0,,
2025,NBA,Devin Vassell,vassede01,24,SA,"SG,SF",28.77,1884.5,29.45,64,53,1983,394,889,0.443,158,429,0.368,236,460,0.513,0.532,95,120,0.792,34,221,255,183,84,33,88,108,1041,0,,
2025,NBA,Naz Reid,reidna01,25,MIN,"PF,C",28.81,2267.5,28.34,80,17,2200,426,923,0.462,175,462,0.379,251,461,0.544,0.556,111,143,0.776,92,388,480,181,58,72,108,189,1138,0,,
2025,NBA,Kevin Porter Jr.,porteke02,24,MIL,PG,28.84,1634.6,21.79,75,4,1482,293,652,0.449,55,177,0.311,238,475,0.501,0.492,130,169,0.769,42,236,278,256,81,13,136,119,771,1,,
2025,NBA,Tobias Harris,harrito02,32,DET,"SF,PF",28.89,2071.4,28.38,73,73,2305,384,805,0.477,91,264,0.345,293,541,0.542,0.534,143,166,0.861,65,367,432,162,74,57,85,138,1002,0,,
2025,NBA,D'Angelo Russell,russeda01,28,DAL,PG,28.94,1500.9,25.88,58,36,1480,249,638,0.39,113,360,0.314,136,278,0.489,0.479,121,145,0.834,20,142,162,297,56,23,108,115,732,0,,
2025,NBA,John Collins,collijo01,27,LAC,"PF,C",28.97,1404.4,35.11,40,31,1220,280,531,0.527,59,148,0.399,221,383,0.577,0.583,139,164,0.848,89,238,327,80,39,40,103,116,758,0,,
2025,NBA,Shaedon Sharpe,sharpsh01,21,POR,"SG,SF",29.11,2104.8,19.8,72,52,2252,499,1104,0.452,147,472,0.311,352,632,0.557,0.519,190,242,0.785,68,256,324,198,62,16,150,120,1335,0,,
2025,NBA,Zach Edey,edeyza01,22,MEM,C,29.18,1640.1,24.85,66,55,1416,251,433,0.58,18,52,0.346,233,381,0.612,0.6,90,127,0.709,232,316,548,65,36,85,88,182,610,0,,
2025,NBA,Immanuel Quickley,quickim01,25,TOR,"PG,SG",29.34,1013.9,30.72,33,33,918,184,438,0.42,85,225,0.378,99,213,0.465,0.517,111,128,0.867,16,101,117,191,23,4,58,61,564,0,,
2025,NBA,Christian Braun,braunch01,23,DEN,"SG,SF",29.41,2302.5,29.15,79,77,2675,476,821,0.58,89,224,0.397,387,597,0.648,0.634,177,214,0.827,98,312,410,205,85,37,81,170,1218,0,,
2025,NBA,Jaden Ivey,iveyja01,22,DET,"PG,SG",29.48,883.3,29.44,30,30,898,190,413,0.46,63,154,0.409,127,259,0.49,0.536,85,116,0.733,40,84,124,119,28,11,89,67,528,0,,
2025,NBA,Nic Claxton,claxtni01,25,BKN,C,29.5,1976.5,28.24,70,62,1882,320,568,0.563,5,21,0.238,315,547,0.576,0.568,79,154,0.513,157,358,515,157,62,100,87,150,724,0,,
2025,NBA,Josh Hart,hartjo01,29,NY,"SG,SF,PF",29.6,2894.9,37.60,77,77,2897,404,770,0.525,84,252,0.333,320,518,0.618,0.579,159,205,0.776,161,576,737,453,119,27,158,201,1051,9,,
2025,NBA,OG Anunoby,anunoog01,27,NY,"SF,PF",29.79,2430.6,32.85,74,74,2706,489,1027,0.476,171,460,0.372,318,567,0.561,0.559,183,226,0.81,97,261,358,164,110,65,102,172,1332,0,,
2025,NBA,Joel Embiid,embiijo01,30,PHI,C,29.79,799.5,42.08,19,19,574,140,315,0.444,23,77,0.299,117,238,0.492,0.481,149,169,0.882,36,119,155,85,14,18,62,42,452,1,,
2025,NBA,Isaiah Hartenstein,harteis01,26,OKC,C,29.86,1929.7,33.85,57,53,1590,279,480,0.581,0,19,0,279,461,0.605,0.581,79,117,0.675,163,448,611,219,47,62,96,171,637,0,,
2025,NBA,Jordan Poole,poolejo01,25,NO,"PG,SG",29.89,2224.1,32.71,68,68,2001,457,1057,0.432,235,622,0.378,222,435,0.51,0.544,242,274,0.883,31,172,203,303,86,27,204,201,1391,0,,
2025,NBA,Ausar Thompson,thompau01,22,DET,"SF,PF",29.92,1492.6,25.30,59,48,1328,246,460,0.535,11,49,0.224,235,411,0.572,0.547,91,142,0.641,111,192,303,134,98,40,80,164,594,0,,
2025,NBA,Walker Kessler,kesslwa01,23,UTA,C,30.14,2070.9,35.71,58,58,1740,278,419,0.663,6,34,0.176,272,385,0.706,0.671,79,152,0.52,266,441,707,97,36,138,86,130,641,0,,
2025,NBA,Payton Pritchard,pritcpa01,27,BOS,"PG,SG",30.41,2099.9,26.25,80,3,2271,409,866,0.472,255,626,0.407,154,240,0.642,0.62,71,84,0.845,102,205,307,279,70,14,83,118,1144,0,,
2025,NBA,Brandon Miller,millebr02,22,CHA,"SG,SF,PF",30.45,943.2,34.93,27,27,924,198,491,0.403,104,293,0.355,94,198,0.475,0.509,68,79,0.861,25,106,131,98,29,20,76,74,568,0,,
2025,NBA,RJ Barrett,barrerj01,24,TOR,"SG,SF,PF",30.59,2157.2,37.19,58,58,1869,460,982,0.468,107,306,0.35,353,676,0.522,0.523,196,311,0.63,61,305,366,314,46,17,165,137,1223,2,,
2025,NBA,Myles Turner,turnemy01,28,MIL,C,30.91,2322.7,32.26,72,72,2174,390,811,0.481,156,394,0.396,234,417,0.561,0.577,184,238,0.773,90,381,471,111,54,144,123,183,1120,0,,
2025,NBA,Alex Sarr,sarral01,19,WAS,"PF,C",31.01,1953.5,29.16,67,67,1814,326,828,0.394,105,341,0.308,221,487,0.454,0.457,112,165,0.679,124,311,435,161,44,101,114,146,869,0,,
2025,NBA,Deandre Ayton,aytonde01,26,LAL,C,31.29,1300.2,32.51,40,40,1206,265,468,0.566,6,32,0.188,259,436,0.594,0.573,40,60,0.667,124,282,406,64,31,39,69,88,576,0,,
2025,NBA,Desmond Bane,banede01,26,ORL,"SG,SF",31.34,2537.1,36.77,69,68,2205,493,1018,0.484,164,418,0.392,329,600,0.548,0.565,177,198,0.894,62,356,418,369,80,28,169,164,1327,1,,
2025,NBA,Cam Thomas,thomaca02,23,BKN,"SG,SF",31.36,828.6,33.14,25,23,781,199,454,0.438,68,195,0.349,131,259,0.506,0.513,133,151,0.881,15,68,83,94,15,2,62,44,599,0,,
2025,NBA,Zach LaVine,lavinza01,29,SAC,"SG,SF",31.4,2569,34.72,74,74,2602,625,1223,0.511,239,536,0.446,386,687,0.562,0.609,235,285,0.825,22,293,315,310,58,12,208,121,1724,0,,
2025,NBA,Brandon Ingram,ingrabr01,27,TOR,"SG,SF,PF",31.49,671.5,37.31,18,18,595,155,333,0.465,43,115,0.374,112,218,0.514,0.53,47,55,0.855,17,83,100,93,16,11,69,45,400,0,,
2025,NBA,Jarrett Allen,allenja01,26,CLE,C,31.56,2650.6,32.32,82,82,2296,452,640,0.706,0,5,0,452,635,0.712,0.706,199,277,0.718,216,582,798,158,77,73,97,127,1103,0,,
2025,NBA,Jakob Poeltl,poeltja01,29,TOR,C,31.83,2017.4,35.39,57,56,1686,363,579,0.627,1,3,0.333,362,576,0.628,0.628,97,144,0.674,189,358,547,158,66,71,111,176,824,0,,
2025,NBA,Coby White,whiteco01,24,CHI,"PG,SG",31.85,2409.6,32.56,74,73,2450,508,1121,0.453,216,584,0.37,292,537,0.544,0.55,277,307,0.902,25,248,273,330,69,16,177,154,1509,0,,
2025,NBA,Donovan Clingan,clingdo01,20,POR,C,31.95,1543.9,23.04,67,37,1324,180,334,0.539,14,49,0.286,166,285,0.582,0.56,62,104,0.596,217,310,527,77,34,110,72,189,436,0,,
2025,NBA,Jalen Duren,durenja01,21,DET,C,32.06,2492.9,31.96,78,78,2034,378,546,0.692,0,0,NA,378,546,0.692,0.692,162,242,0.669,277,530,807,209,54,89,136,251,918,0,,
2025,NBA,CJ McCollum,mccolcj01,33,WAS,"PG,SG",32.14,1881.9,33.61,56,56,1832,444,1000,0.444,171,459,0.373,273,541,0.505,0.53,124,173,0.717,42,170,212,227,46,24,106,124,1183,0,,
2025,NBA,Rudy Gobert,goberru01,32,MIN,C,32.18,2389.5,19.8,72,72,2388,341,510,0.669,0,0,NA,341,510,0.669,0.669,184,273,0.674,265,520,785,127,56,104,89,182,866,0,,
2025,NBA,Andrew Wiggins,wiggian01,29,MIA,"SF,PF",32.51,1868.8,31.15,60,60,1842,376,839,0.448,130,348,0.374,246,491,0.501,0.526,196,257,0.763,89,180,269,158,60,50,99,101,1078,0,,
2025,NBA,Austin Reaves,reaveau01,26,LAL,"PG,SG",32.6,2633.3,36.07,73,73,2550,477,1037,0.46,200,531,0.377,277,506,0.547,0.556,321,366,0.877,61,268,329,421,81,22,177,151,1475,1,,
2025,NBA,Zion Williamson,willizi01,24,NO,"SF,PF,C",32.77,1336.7,44.56,30,30,857,288,508,0.567,3,13,0.231,285,495,0.576,0.57,158,241,0.656,76,140,216,159,37,27,90,82,737,2,,
2025,NBA,Darius Garland,garlada01,25,CLE,PG,32.97,2676.8,35.69,75,75,2301,554,1174,0.472,212,529,0.401,342,645,0.53,0.562,224,255,0.878,47,167,214,506,91,11,189,143,1544,0,,
2025,NBA,Miles Bridges,bridgmi02,26,CHA,"SF,PF",33.05,2380.2,37.19,64,64,2029,469,1089,0.431,141,450,0.313,328,639,0.513,0.495,221,254,0.87,72,409,481,248,44,45,136,93,1300,1,,
2025,NBA,Julius Randle,randlju01,30,MIN,"PF,C",33.06,2349.9,34.06,69,69,2226,455,939,0.485,108,314,0.344,347,625,0.555,0.542,270,335,0.806,144,343,487,323,47,16,196,175,1288,0,,
2025,NBA,Michael Porter Jr.,portemi01,26,BKN,"SF,PF",33.65,2453.5,31.86,77,77,2593,528,1048,0.504,193,489,0.395,335,559,0.599,0.596,149,194,0.768,138,402,540,165,50,38,104,157,1398,0,,
2025,NBA,Ivica Zubac,zubaciv01,27,LAC,C,33.82,3181,39.76,80,80,2624,592,942,0.628,0,0,NA,592,942,0.628,0.628,156,236,0.661,300,710,1010,214,55,90,127,168,1340,1,,
2025,NBA,Dyson Daniels,daniedy01,21,ATL,"PG,SG,SF",33.87,2808.3,36.95,76,76,2571,455,923,0.493,80,235,0.34,375,688,0.545,0.536,83,140,0.593,124,325,449,333,229,55,155,175,1073,0,,
2025,NBA,Nikola Vucevic,vucevni01,34,CHI,"PF,C",33.93,2835,38.84,73,72,2278,550,1038,0.53,129,321,0.402,421,717,0.587,0.592,120,149,0.805,178,557,735,256,61,52,119,163,1349,1,,
2025,NBA,Jalen Green,greenja05,22,PHO,"PG,SG",34.29,2689.4,32.80,82,82,2697,608,1437,0.423,234,661,0.354,374,776,0.482,0.505,273,336,0.813,45,332,377,282,71,27,203,127,1723,0,,
2025,NBA,DeMar DeRozan,derozde01,35,SAC,"SF,PF",34.52,2757.6,35.81,77,77,2768,624,1308,0.477,84,256,0.328,540,1052,0.513,0.509,378,441,0.857,50,248,298,342,62,32,105,150,1710,0,,
2025,NBA,Jimmy Butler,butleji01,35,GS,"SF,PF",34.71,1977.2,35.95,55,55,1746,301,597,0.504,32,104,0.308,269,493,0.546,0.531,330,392,0.842,125,171,296,298,77,18,74,52,964,3,,
2025,NBA,Deni Avdija,avdijde01,24,POR,"SF,PF",34.73,2388.9,33.18,72,54,2161,402,844,0.476,125,342,0.365,277,502,0.552,0.55,290,372,0.78,110,412,522,281,71,35,196,171,1219,2,,
2025,NBA,Tyler Herro,herroty01,25,MIA,"PG,SG",34.81,3014.8,39.15,77,77,2725,651,1378,0.472,251,670,0.375,400,708,0.565,0.563,287,327,0.878,35,364,399,424,69,17,198,85,1840,0,,
2025,NBA,Chet Holmgren,holmgch01,22,OKC,"PF,C",35.34,1107.9,34.62,32,32,877,167,341,0.49,44,116,0.379,123,225,0.547,0.554,101,134,0.754,48,209,257,63,23,71,56,72,479,0,,
2025,NBA,Kawhi Leonard,leonaka01,33,LAC,"SG,SF,PF",35.44,1388.8,37.54,37,37,1180,310,623,0.498,78,190,0.411,232,433,0.536,0.56,98,121,0.81,35,184,219,116,59,17,72,56,796,0,,
2025,NBA,Trey Murphy III,murphtr02,24,NO,"SG,SF,PF",35.8,1909.6,36.03,53,51,1854,381,839,0.454,158,438,0.361,223,401,0.556,0.548,204,230,0.887,47,221,268,188,56,39,103,112,1124,0,,
2025,NBA,LeBron James,jamesle01,40,LAL,"SF,PF",36.01,3294.7,47.07,70,70,2444,651,1270,0.513,149,396,0.376,502,874,0.574,0.571,259,331,0.782,72,474,546,575,70,39,260,99,1710,10,,
2025,NBA,Derrick White,whitede01,30,BOS,"PG,SG",36.21,2523.7,33.21,76,76,2574,424,959,0.442,265,691,0.384,159,268,0.593,0.58,135,161,0.839,67,274,341,361,72,80,131,138,1248,0,,
2025,NBA,Jamal Murray,murraja01,27,DEN,"PG,SG",37.41,2587.7,38.62,67,67,2418,531,1121,0.474,156,397,0.393,375,724,0.518,0.543,218,246,0.886,45,216,261,403,91,33,138,128,1436,0,,
2025,NBA,Jaren Jackson Jr.,jacksja02,25,MEM,"PF,C",37.73,2825.4,38.18,74,74,2207,592,1213,0.488,146,389,0.375,446,824,0.541,0.548,311,398,0.781,91,326,417,148,92,113,153,257,1641,0,,
2025,NBA,Franz Wagner,wagnefr01,23,ORL,"SF,PF",37.74,2435.4,40.59,60,60,2023,537,1161,0.463,104,352,0.295,433,809,0.535,0.507,271,311,0.871,56,286,342,284,75,21,138,147,1449,0,,
2025,NBA,Jalen Williams,willija06,23,OKC,"SG,SF,PF,C",38.14,2784.8,40.36,69,69,2237,565,1168,0.484,124,340,0.365,441,828,0.533,0.537,236,299,0.789,59,310,369,354,111,46,150,158,1490,0,,
2025,NBA,Stephen Curry,curryst01,36,GS,"PG,SG",38.28,2851.5,40.74,70,70,2252,564,1258,0.448,311,784,0.397,253,474,0.534,0.572,279,299,0.933,40,270,310,421,80,30,200,95,1718,0,,
2025,NBA,Jalen Johnson,johnsja05,23,ATL,"SF,PF",38.39,1552.3,43.12,36,36,1284,271,542,0.5,44,141,0.312,227,401,0.566,0.541,94,126,0.746,62,297,359,181,56,36,106,67,680,1,,
2025,NBA,Bam Adebayo,adebaba01,27,MIA,"PF,C",38.62,3106.3,39.82,78,78,2674,540,1113,0.485,79,221,0.357,461,892,0.517,0.521,251,328,0.765,185,564,749,337,98,53,161,162,1410,1,,
2025,NBA,Josh Giddey,giddejo01,22,CHI,"PG,SG,SF",38.78,2640.7,37.72,70,69,2117,371,798,0.465,105,278,0.378,266,520,0.512,0.531,175,224,0.781,127,439,566,503,84,45,202,122,1022,7,,
2025,NBA,Amen Thompson,thompam01,22,HOU,"PG,SG,SF,PF",39.27,2464.3,35.71,69,42,2225,388,697,0.557,25,91,0.275,363,606,0.599,0.575,169,247,0.684,192,372,564,265,97,89,138,167,970,3,,
2025,NBA,Ja Morant,moranja01,25,MEM,PG,39.58,1985,39.70,50,50,1519,404,889,0.454,88,285,0.309,316,604,0.523,0.504,263,319,0.824,34,171,205,364,61,12,185,113,1159,1,,
2025,NBA,Evan Mobley,mobleev01,23,CLE,"PF,C",39.81,2822.8,39.76,71,71,2167,505,906,0.557,85,230,0.37,420,676,0.621,0.604,221,305,0.725,164,495,659,226,61,113,145,141,1316,0,,
2025,NBA,Donovan Mitchell,mitchdo01,28,CLE,"PG,SG",39.81,2805.4,39.51,71,71,2232,585,1320,0.443,233,633,0.368,352,687,0.512,0.531,298,362,0.823,57,265,322,354,95,17,149,140,1701,0,,
2025,NBA,Kevin Durant,duranke01,36,HOU,"SF,PF",39.9,2681.3,43.25,62,62,2265,592,1124,0.527,160,372,0.43,432,752,0.574,0.598,303,361,0.839,23,351,374,263,50,77,190,104,1647,0,,
2025,NBA,De'Aaron Fox,foxde01,27,SA,"PG,SG",40.37,2578.6,41.59,62,62,2241,539,1163,0.463,118,381,0.31,421,782,0.538,0.514,263,318,0.827,54,244,298,392,91,25,174,164,1459,0,,
2025,NBA,Jalen Brunson,brunsja01,28,NY,PG,40.69,2666.9,41.03,65,65,2301,585,1200,0.488,152,397,0.383,433,803,0.539,0.551,368,448,0.821,27,160,187,475,60,8,164,138,1690,0,,
2025,NBA,James Harden,hardeja01,35,LAC,"PG,SG",40.81,3557.7,45.03,79,79,2789,531,1295,0.41,235,668,0.352,296,627,0.472,0.501,505,578,0.874,55,401,456,687,118,55,341,162,1802,3,,
2025,NBA,Pascal Siakam,siakapa01,30,IND,"SF,PF,C",41.45,2847.5,36.51,78,78,2548,613,1182,0.519,126,324,0.389,487,858,0.568,0.572,226,308,0.734,133,407,540,263,70,42,109,189,1578,0,,
2025,NBA,Scottie Barnes,barnesc01,23,TOR,"PG,SG,SF,PF",41.95,2704.4,19.8,65,65,2134,474,1063,0.446,76,280,0.271,398,783,0.508,0.482,228,302,0.755,109,393,502,378,93,63,185,113,1252,1,,
2025,NBA,Devin Booker,bookede01,28,PHO,"PG,SG",42.55,3111.5,41.49,75,75,2795,654,1420,0.461,183,551,0.332,471,869,0.542,0.525,432,483,0.894,76,229,305,529,67,16,220,198,1923,0,,
2025,NBA,Karl-Anthony Towns,townska01,29,NY,"PF,C",42.74,3367,46.76,72,72,2517,639,1215,0.526,142,338,0.42,497,877,0.567,0.584,339,409,0.829,212,708,920,222,71,50,192,249,1759,1,,
2025,NBA,Trae Young,youngtr01,26,ATL,PG,43.2,3398.2,44.71,76,76,2739,566,1376,0.411,218,642,0.34,348,734,0.474,0.491,491,561,0.875,36,200,236,880,91,12,355,145,1841,0,,
2025,NBA,LaMelo Ball,ballla01,23,CHA,"PG,SG",43.49,2015.4,42.88,47,47,1505,406,1003,0.405,179,528,0.339,227,475,0.478,0.494,193,229,0.843,47,185,232,346,54,13,167,157,1184,0,,
2025,NBA,Tyrese Maxey,maxeyty01,24,PHI,"PG,SG",43.57,2265.3,43.56,52,52,1960,477,1091,0.437,161,478,0.337,316,613,0.515,0.511,254,289,0.879,15,159,174,317,91,21,124,116,1369,1,,
2025,NBA,Anthony Edwards,edwaran01,23,MIN,"SG,SF",43.89,3432.5,43.45,79,79,2871,721,1612,0.447,320,811,0.395,401,801,0.501,0.547,415,496,0.837,61,389,450,359,91,51,249,150,2177,0,,
2025,NBA,Alperen Sengun,sengual01,22,HOU,C,44.04,3193.2,42.02,76,76,2395,567,1143,0.496,21,90,0.233,546,1053,0.519,0.505,296,428,0.692,262,524,786,372,84,61,194,209,1451,4,,
2025,NBA,Jaylen Brown,brownja02,28,BOS,"SG,SF",44.22,2382.6,37.82,63,63,2158,518,1118,0.463,116,358,0.324,402,760,0.529,0.515,246,322,0.764,82,286,368,286,73,19,162,154,1398,0,,
2025,NBA,Domantas Sabonis,sabondo01,28,SAC,C,45.08,3157.9,45.11,70,70,2429,527,893,0.59,65,156,0.417,462,737,0.627,0.627,218,289,0.754,267,705,972,423,48,26,202,229,1337,10,,
2025,NBA,Paolo Banchero,banchpa01,22,ORL,"SF,PF",45.4,1989.5,43.25,46,46,1582,412,911,0.452,87,272,0.32,325,639,0.509,0.5,280,385,0.727,51,294,345,219,36,28,136,97,1191,0,,
2025,NBA,Cade Cunningham,cunnica01,23,DET,"PG,SG",46.81,3360,48.00,70,70,2452,684,1457,0.469,149,418,0.356,535,1039,0.515,0.521,313,370,0.846,56,369,425,638,71,53,309,195,1830,9,,
2025,NBA,Anthony Davis,davisan02,31,DAL,PF,51.25,404.2,44.91,9,9,266,70,152,0.461,7,30,0.233,63,122,0.516,0.484,33,48,0.688,15,76,91,40,5,20,20,16,180,1,,
2025,NBA,Victor Wembanyama,wembavi01,21,SA,C,52.12,2510.2,54.57,46,46,1527,408,857,0.476,142,403,0.352,266,454,0.586,0.559,158,189,0.836,82,424,506,168,52,176,149,105,1116,1,,
2025,NBA,Shai Gilgeous-Alexander,gilgesh01,26,OKC,"PG,SG",52.51,4108.8,19.8,76,76,2598,860,1656,0.519,163,435,0.375,697,1221,0.571,0.569,601,669,0.898,67,312,379,486,131,77,183,164,2484,0,,
2025,NBA,Luka Doncic,doncilu01,25,LAL,"PG,SG",55.16,2624.3,52.49,50,50,1769,461,1025,0.45,177,481,0.368,284,544,0.522,0.536,309,395,0.782,40,369,409,383,89,21,179,126,1408,5,,
2025,NBA,Giannis Antetokounmpo,antetgi01,30,MIL,"PF,C",56.4,3845.1,57.39,67,67,2289,793,1319,0.601,14,63,0.222,779,1256,0.62,0.607,436,707,0.617,147,651,798,433,58,78,206,155,2036,11,,
2025,NBA,Nikola Jokic,jokicni01,29,DEN,C,61.87,4501.4,64.31,70,70,2571,786,1364,0.576,138,331,0.417,648,1033,0.627,0.627,361,451,0.8,200,692,892,716,127,45,230,160,2071,34,,#N/A
2025,NBA,Cooper Flagg,flaggco01,18,DAL,"SF, PF",32.90,,,,,,,,,,,,,,,,,,,,,,,,,,,,,,
2025,NBA,Ace Bailey,baileyace01,19,UTA,"SF, PF",29.31,,,,,,,,,,,,,,,,,,,,,,,,,,,,,,
2025,NBA,Dylan Harper,harperd01,19,SAS,SG,27.24,,,,,,,,,,,,,,,,,,,,,,,,,,,,,,
2025,NBA,VJ Edgecombe,edgecombvj01,20,PHI,SG,25.73,,,,,,,,,,,,,,,,,,,,,,,,,,,,,,
2025,NBA,Tre Johnson,johnsontre01,19,WAS,SG,22.39,,,,,,,,,,,,,,,,,,,,,,,,,,,,,,
2025,NBA,Egor Demin,demine01,19,BKN,"PG, SG",24.67,,,,,,,,,,,,,,,,,,,,,,,,,,,,,,
2025,NBA,Kon Knueppel,knuepk01,20,CHO,"SF, SG, PF",21.57,,,,,,,,,,,,,,,,,,,,,,,,,,,,,,
2025,NBA,Derik Queen,queend01,20,NOP,C,20.68,,,,,,,,,,,,,,,,,,,,,,,,,,,,,,
2025,NBA,Collin Murray-Boyles,murrayc01,20,TOR,"PF, SF",22.16,,,,,,,,,,,,,,,,,,,,,,,,,,,,,,
2025,NBA,Walter Clayton Jr.,claytonw01,22,UTA,PG,18.82,,,,,,,,,,,,,,,,,,,,,,,,,,,,,,
2025,NBA,Hansen Yang,yanghans01,20,POR,C,20.92,,,,,,,,,,,,,,,,,,,,,,,,,,,,,,
2025,NBA,Jeremiah Fears,fearsjer01,18,NOP,PG,16.67,,,,,,,,,,,,,,,,,,,,,,,,,,,,,,
2025,NBA,Cedric Coward,cowardced01,22,MEM,SG,17.27,,,,,,,,,,,,,,,,,,,,,,,,,,,,,,
2025,NBA,Khaman Maluach,mulachkha01,19,PHX,C,17.71,,,,,,,,,,,,,,,,,,,,,,,,,,,,,,
2025,NBA,Nolan Traore,traore01,19,BKN,PG,14.63,,,,,,,,,,,,,,,,,,,,,,,,,,,,,,
2025,NBA,Noa Essengue,essengn01,18,CHI,"PF, SF",13.36,,,,,,,,,,,,,,,,,,,,,,,,,,,,,,
2025,NBA,Carter Bryant,bryantcar01,19,SAS,"PF, SF",15.44,,,,,,,,,,,,,,,,,,,,,,,,,,,,,,